Date (LT),AQI
5/9/2019 4:00,6
5/9/2019 5:00,6
5/9/2019 6:00,6
5/9/2019 7:00,5
5/9/2019 8:00,5
5/9/2019 9:00,5
5/9/2019 10:00,6
5/9/2019 11:00,6
5/9/2019 12:00,5
5/9/2019 13:00,5
5/9/2019 14:00,4
5/9/2019 15:00,4
5/9/2019 16:00,4
5/9/2019 17:00,4
5/9/2019 18:00,4
5/9/2019 19:00,4
5/9/2019 20:00,4
5/9/2019 21:00,4
5/9/2019 22:00,4
5/9/2019 23:00,4
5/10/2019 0:00,4
5/10/2019 1:00,5
5/10/2019 2:00,4
5/10/2019 3:00,4
5/10/2019 4:00,4
5/10/2019 5:00,4
5/10/2019 6:00,4
5/10/2019 7:00,4
5/10/2019 8:00,4
5/10/2019 9:00,4
5/10/2019 10:00,4
5/10/2019 11:00,4
5/10/2019 12:00,4
5/10/2019 13:00,3
5/10/2019 14:00,3
5/10/2019 15:00,3
5/10/2019 16:00,3
5/10/2019 17:00,3
5/10/2019 18:00,3
5/10/2019 19:00,3
5/10/2019 20:00,3
5/10/2019 21:00,4
5/10/2019 22:00,6
5/10/2019 23:00,5
5/11/2019 0:00,4
5/11/2019 1:00,5
5/11/2019 2:00,4
5/11/2019 3:00,5
5/11/2019 4:00,5
5/11/2019 5:00,4
5/11/2019 6:00,4
5/11/2019 7:00,4
5/11/2019 8:00,4
5/11/2019 9:00,4
5/11/2019 10:00,5
5/11/2019 11:00,5
5/11/2019 12:00,5
5/11/2019 13:00,5
5/11/2019 14:00,5
5/11/2019 15:00,5
5/11/2019 16:00,5
5/11/2019 17:00,5
5/11/2019 18:00,5
5/11/2019 19:00,4
5/11/2019 20:00,4
5/11/2019 21:00,4
5/11/2019 22:00,4
5/11/2019 23:00,4
5/12/2019 0:00,4
5/12/2019 1:00,4
5/12/2019 2:00,4
5/12/2019 3:00,4
5/12/2019 4:00,4
5/12/2019 5:00,4
5/12/2019 6:00,4
5/12/2019 7:00,5
5/12/2019 8:00,5
5/12/2019 9:00,5
5/12/2019 10:00,5
5/12/2019 11:00,4
5/12/2019 12:00,4
5/12/2019 13:00,4
5/12/2019 14:00,4
5/12/2019 15:00,4
5/12/2019 16:00,4
5/12/2019 17:00,4
5/12/2019 18:00,4
5/12/2019 19:00,4
5/12/2019 20:00,4
5/12/2019 21:00,4
5/12/2019 22:00,4
5/12/2019 23:00,4
5/13/2019 0:00,4
5/13/2019 1:00,4
5/13/2019 2:00,4
5/13/2019 3:00,4
5/13/2019 4:00,4
5/13/2019 5:00,5
5/13/2019 6:00,6
5/13/2019 7:00,6
5/13/2019 8:00,6
5/13/2019 9:00,5
5/13/2019 10:00,5
5/13/2019 11:00,4
5/13/2019 12:00,4
5/13/2019 13:00,4
5/13/2019 14:00,4
5/13/2019 15:00,4
5/13/2019 16:00,4
5/13/2019 17:00,4
5/13/2019 18:00,5
5/13/2019 19:00,4
5/13/2019 20:00,4
5/13/2019 21:00,4
5/13/2019 22:00,4
5/13/2019 23:00,4
5/14/2019 0:00,4
5/14/2019 1:00,4
5/14/2019 2:00,4
5/14/2019 3:00,4
5/14/2019 4:00,4
5/14/2019 5:00,4
5/14/2019 6:00,3
5/14/2019 7:00,3
5/14/2019 8:00,4
5/14/2019 9:00,4
5/14/2019 10:00,4
5/14/2019 11:00,4
5/14/2019 12:00,3
5/14/2019 13:00,3
5/14/2019 14:00,3
5/14/2019 15:00,3
5/14/2019 16:00,3
5/14/2019 17:00,3
5/14/2019 18:00,3
5/14/2019 19:00,3
5/14/2019 20:00,3
5/14/2019 21:00,4
5/14/2019 22:00,4
5/14/2019 23:00,4
5/15/2019 0:00,4
5/15/2019 1:00,4
5/15/2019 2:00,4
5/15/2019 3:00,4
5/15/2019 4:00,5
5/15/2019 5:00,5
5/15/2019 6:00,5
5/15/2019 7:00,5
5/15/2019 8:00,4
5/15/2019 9:00,4
5/15/2019 10:00,4
5/15/2019 11:00,4
5/15/2019 12:00,4
5/15/2019 13:00,4
5/15/2019 14:00,4
5/15/2019 15:00,4
5/15/2019 16:00,4
5/15/2019 17:00,4
5/15/2019 18:00,4
5/15/2019 19:00,4
5/15/2019 20:00,4
5/15/2019 21:00,4
5/15/2019 22:00,4
5/15/2019 23:00,4
5/16/2019 0:00,4
5/16/2019 1:00,4
5/16/2019 2:00,4
5/16/2019 3:00,4
5/16/2019 4:00,4
5/16/2019 5:00,4
5/16/2019 6:00,4
5/16/2019 7:00,4
5/16/2019 8:00,4
5/16/2019 9:00,4
5/16/2019 10:00,4
5/16/2019 11:00,4
5/16/2019 12:00,4
5/16/2019 13:00,4
5/16/2019 14:00,4
5/16/2019 15:00,4
5/16/2019 16:00,4
5/16/2019 17:00,4
5/16/2019 18:00,4
5/16/2019 19:00,4
5/16/2019 20:00,4
5/16/2019 21:00,4
5/16/2019 22:00,4
5/16/2019 23:00,4
5/17/2019 0:00,4
5/17/2019 1:00,4
5/17/2019 2:00,4
5/17/2019 3:00,4
5/17/2019 4:00,5
5/17/2019 5:00,5
5/17/2019 6:00,6
5/17/2019 7:00,6
5/17/2019 8:00,5
5/17/2019 9:00,4
5/17/2019 10:00,4
5/17/2019 11:00,4
5/17/2019 12:00,4
5/17/2019 13:00,3
5/17/2019 14:00,3
5/17/2019 15:00,3
5/17/2019 16:00,3
5/17/2019 17:00,2
5/17/2019 18:00,3
5/17/2019 19:00,3
5/17/2019 20:00,4
5/17/2019 21:00,4
5/17/2019 22:00,4
5/17/2019 23:00,4
5/18/2019 0:00,4
5/18/2019 1:00,4
5/18/2019 2:00,4
5/18/2019 3:00,4
5/18/2019 4:00,4
5/18/2019 5:00,4
5/18/2019 6:00,4
5/18/2019 7:00,4
5/18/2019 8:00,4
5/18/2019 9:00,4
5/18/2019 10:00,4
5/18/2019 11:00,4
5/18/2019 12:00,3
5/18/2019 13:00,3
5/18/2019 14:00,3
5/18/2019 15:00,3
5/18/2019 16:00,3
5/18/2019 17:00,3
5/18/2019 18:00,4
5/18/2019 19:00,4
5/18/2019 20:00,4
5/18/2019 21:00,4
5/18/2019 22:00,4
5/18/2019 23:00,4
5/19/2019 0:00,4
5/19/2019 1:00,4
5/19/2019 2:00,4
5/19/2019 3:00,4
5/19/2019 4:00,4
5/19/2019 5:00,4
5/19/2019 6:00,4
5/19/2019 7:00,4
5/19/2019 8:00,5
5/19/2019 9:00,5
5/19/2019 10:00,5
5/19/2019 11:00,4
5/19/2019 12:00,4
5/19/2019 13:00,4
5/19/2019 14:00,4
5/19/2019 15:00,4
5/19/2019 16:00,4
5/19/2019 17:00,4
5/19/2019 18:00,4
5/19/2019 19:00,4
5/19/2019 20:00,4
5/19/2019 21:00,4
5/19/2019 22:00,4
5/19/2019 23:00,5
5/20/2019 0:00,4
5/20/2019 1:00,4
5/20/2019 2:00,4
5/20/2019 3:00,4
5/20/2019 4:00,4
5/20/2019 5:00,4
5/20/2019 6:00,4
5/20/2019 7:00,4
5/20/2019 8:00,4
5/20/2019 9:00,4
5/20/2019 10:00,4
5/20/2019 11:00,4
5/20/2019 12:00,4
5/20/2019 13:00,4
5/20/2019 14:00,4
5/20/2019 15:00,4
5/20/2019 16:00,4
5/20/2019 17:00,4
5/20/2019 18:00,4
5/20/2019 19:00,4
5/20/2019 20:00,4
5/20/2019 21:00,4
5/20/2019 22:00,4
5/20/2019 23:00,4
5/21/2019 0:00,4
5/21/2019 1:00,4
5/21/2019 2:00,4
5/21/2019 3:00,4
5/21/2019 4:00,4
5/21/2019 5:00,4
5/21/2019 6:00,4
5/21/2019 7:00,4
5/21/2019 8:00,4
5/21/2019 9:00,4
5/21/2019 10:00,4
5/21/2019 11:00,4
5/21/2019 12:00,4
5/21/2019 13:00,4
5/21/2019 14:00,4
5/21/2019 15:00,4
5/21/2019 16:00,4
5/21/2019 17:00,4
5/21/2019 18:00,4
5/21/2019 19:00,4
5/21/2019 20:00,4
5/21/2019 21:00,4
5/21/2019 22:00,4
5/21/2019 23:00,4
5/22/2019 0:00,4
5/22/2019 1:00,4
5/22/2019 2:00,4
5/22/2019 3:00,5
5/22/2019 4:00,5
5/22/2019 5:00,6
5/22/2019 6:00,6
5/22/2019 7:00,6
5/22/2019 8:00,6
5/22/2019 9:00,6
5/22/2019 10:00,6
5/22/2019 11:00,5
5/22/2019 12:00,4
5/22/2019 13:00,4
5/22/2019 14:00,4
5/22/2019 15:00,4
5/22/2019 16:00,4
5/22/2019 17:00,4
5/22/2019 18:00,4
5/22/2019 19:00,4
5/22/2019 20:00,4
5/22/2019 21:00,4
5/22/2019 22:00,4
5/22/2019 23:00,4
5/23/2019 0:00,4
5/23/2019 1:00,4
5/23/2019 2:00,4
5/23/2019 3:00,4
5/23/2019 4:00,4
5/23/2019 5:00,4
5/23/2019 6:00,3
5/23/2019 7:00,3
5/23/2019 8:00,3
5/23/2019 9:00,3
5/23/2019 10:00,3
5/23/2019 11:00,4
5/23/2019 12:00,4
5/23/2019 13:00,3
5/23/2019 14:00,3
5/23/2019 15:00,3
5/23/2019 16:00,3
5/23/2019 17:00,3
5/23/2019 18:00,3
5/23/2019 19:00,3
5/23/2019 20:00,3
5/23/2019 21:00,4
5/23/2019 22:00,4
5/23/2019 23:00,4
5/24/2019 0:00,5
5/24/2019 1:00,4
5/24/2019 2:00,4
5/24/2019 3:00,4
5/24/2019 4:00,4
5/24/2019 5:00,4
5/24/2019 6:00,3
5/24/2019 7:00,4
5/24/2019 8:00,4
5/24/2019 9:00,4
5/24/2019 10:00,4
5/24/2019 11:00,4
5/24/2019 12:00,3
5/24/2019 13:00,3
5/24/2019 14:00,3
5/24/2019 15:00,3
5/24/2019 16:00,2
5/24/2019 17:00,2
5/24/2019 18:00,2
5/24/2019 19:00,3
5/24/2019 20:00,3
5/24/2019 21:00,3
5/24/2019 22:00,4
5/24/2019 23:00,3
5/25/2019 0:00,3
5/25/2019 1:00,3
5/25/2019 2:00,3
5/25/2019 3:00,3
5/25/2019 4:00,3
5/25/2019 5:00,3
5/25/2019 6:00,4
5/25/2019 7:00,4
5/25/2019 8:00,4
5/25/2019 9:00,4
5/25/2019 10:00,4
5/25/2019 11:00,4
5/25/2019 12:00,3
5/25/2019 13:00,3
5/25/2019 14:00,3
5/25/2019 15:00,2
5/25/2019 16:00,2
5/25/2019 17:00,2
5/25/2019 18:00,2
5/25/2019 19:00,2
5/25/2019 20:00,3
5/25/2019 21:00,4
5/25/2019 22:00,4
5/25/2019 23:00,4
5/26/2019 0:00,4
5/26/2019 1:00,4
5/26/2019 2:00,4
5/26/2019 3:00,4
5/26/2019 4:00,4
5/26/2019 5:00,4
5/26/2019 6:00,4
5/26/2019 7:00,4
5/26/2019 8:00,4
5/26/2019 9:00,4
5/26/2019 10:00,4
5/26/2019 11:00,4
5/26/2019 12:00,4
5/26/2019 13:00,4
5/26/2019 14:00,4
5/26/2019 15:00,4
5/26/2019 16:00,3
5/26/2019 17:00,3
5/26/2019 18:00,3
5/26/2019 19:00,3
5/26/2019 20:00,3
5/26/2019 21:00,3
5/26/2019 22:00,4
5/26/2019 23:00,4
5/27/2019 0:00,4
5/27/2019 1:00,4
5/27/2019 2:00,4
5/27/2019 3:00,4
5/27/2019 4:00,5
5/27/2019 5:00,5
5/27/2019 6:00,5
5/27/2019 7:00,5
5/27/2019 8:00,5
5/27/2019 9:00,4
5/27/2019 10:00,4
5/27/2019 11:00,4
5/27/2019 12:00,4
5/27/2019 13:00,4
5/27/2019 14:00,3
5/27/2019 15:00,3
5/27/2019 16:00,3
5/27/2019 17:00,3
5/27/2019 18:00,3
5/27/2019 19:00,3
5/27/2019 20:00,3
5/27/2019 21:00,3
5/27/2019 22:00,4
5/27/2019 23:00,4
5/28/2019 0:00,4
5/28/2019 1:00,4
5/28/2019 2:00,5
5/28/2019 3:00,5
5/28/2019 4:00,5
5/28/2019 5:00,5
5/28/2019 6:00,5
5/28/2019 7:00,4
5/28/2019 8:00,5
5/28/2019 9:00,5
5/28/2019 10:00,4
5/28/2019 11:00,4
5/28/2019 12:00,4
5/28/2019 13:00,4
5/28/2019 14:00,4
5/28/2019 15:00,3
5/28/2019 16:00,3
5/28/2019 17:00,3
5/28/2019 18:00,3
5/28/2019 19:00,3
5/28/2019 20:00,4
5/28/2019 21:00,4
5/28/2019 22:00,4
5/28/2019 23:00,4
5/29/2019 0:00,4
5/29/2019 1:00,4
5/29/2019 2:00,4
5/29/2019 3:00,4
5/29/2019 4:00,4
5/29/2019 5:00,5
5/29/2019 6:00,5
5/29/2019 7:00,5
5/29/2019 8:00,6
5/29/2019 9:00,6
5/29/2019 10:00,6
5/29/2019 11:00,5
5/29/2019 12:00,4
5/29/2019 13:00,4
5/29/2019 14:00,4
5/29/2019 15:00,4
5/29/2019 16:00,4
5/29/2019 17:00,4
5/29/2019 18:00,4
5/29/2019 19:00,4
5/29/2019 20:00,4
5/29/2019 21:00,4
5/29/2019 22:00,4
5/29/2019 23:00,4
5/30/2019 0:00,4
5/30/2019 1:00,4
5/30/2019 2:00,4
5/30/2019 3:00,4
5/30/2019 4:00,5
5/30/2019 5:00,5
5/30/2019 6:00,6
5/30/2019 7:00,6
5/30/2019 8:00,6
5/30/2019 9:00,6
5/30/2019 10:00,6
5/30/2019 11:00,6
5/30/2019 12:00,5
5/30/2019 13:00,5
5/30/2019 14:00,5
5/30/2019 15:00,5
5/30/2019 16:00,4
5/30/2019 17:00,4
5/30/2019 18:00,4
5/30/2019 19:00,4
5/30/2019 20:00,4
5/30/2019 21:00,4
5/30/2019 22:00,4
5/30/2019 23:00,4
5/31/2019 0:00,4
5/31/2019 1:00,4
5/31/2019 2:00,5
5/31/2019 3:00,5
5/31/2019 4:00,5
5/31/2019 5:00,5
5/31/2019 6:00,5
5/31/2019 7:00,5
5/31/2019 8:00,5
5/31/2019 9:00,4
5/31/2019 10:00,4
5/31/2019 11:00,4
5/31/2019 12:00,4
5/31/2019 13:00,4
5/31/2019 14:00,4
5/31/2019 15:00,4
5/31/2019 16:00,4
5/31/2019 17:00,4
5/31/2019 18:00,4
5/31/2019 19:00,4
5/31/2019 20:00,4
5/31/2019 21:00,4
5/31/2019 22:00,4
5/31/2019 23:00,4
6/1/2019 0:00,4
6/1/2019 1:00,4
6/1/2019 2:00,5
6/1/2019 3:00,5
6/1/2019 4:00,5
6/1/2019 5:00,5
6/1/2019 6:00,5
6/1/2019 7:00,5
6/1/2019 8:00,5
6/1/2019 9:00,5
6/1/2019 10:00,5
6/1/2019 11:00,6
6/1/2019 12:00,6
6/1/2019 13:00,5
6/1/2019 14:00,4
6/1/2019 15:00,4
6/1/2019 16:00,4
6/1/2019 17:00,4
6/1/2019 18:00,4
6/1/2019 19:00,4
6/1/2019 20:00,4
6/1/2019 21:00,4
6/1/2019 22:00,4
6/1/2019 23:00,4
6/2/2019 0:00,4
6/2/2019 1:00,4
6/2/2019 2:00,4
6/2/2019 3:00,4
6/2/2019 4:00,4
6/2/2019 5:00,5
6/2/2019 6:00,4
6/2/2019 7:00,4
6/2/2019 8:00,4
6/2/2019 9:00,4
6/2/2019 10:00,4
6/2/2019 11:00,4
6/2/2019 12:00,4
6/2/2019 13:00,4
6/2/2019 14:00,4
6/2/2019 15:00,4
6/2/2019 16:00,4
6/2/2019 17:00,4
6/2/2019 18:00,4
6/2/2019 19:00,4
6/2/2019 20:00,4
6/2/2019 21:00,4
6/2/2019 22:00,4
6/2/2019 23:00,4
6/3/2019 0:00,4
6/3/2019 1:00,4
6/3/2019 2:00,4
6/3/2019 3:00,4
6/3/2019 4:00,6
6/3/2019 5:00,6
6/3/2019 6:00,6
6/3/2019 7:00,6
6/3/2019 8:00,5
6/3/2019 9:00,5
6/3/2019 10:00,4
6/3/2019 11:00,4
6/3/2019 12:00,4
6/3/2019 13:00,4
6/3/2019 14:00,4
6/3/2019 15:00,4
6/3/2019 16:00,4
6/3/2019 17:00,4
6/3/2019 18:00,4
6/3/2019 19:00,4
6/3/2019 20:00,4
6/3/2019 21:00,4
6/3/2019 22:00,4
6/3/2019 23:00,5
6/4/2019 0:00,5
6/4/2019 1:00,4
6/4/2019 2:00,4
6/4/2019 3:00,4
6/4/2019 4:00,4
6/4/2019 5:00,3
6/4/2019 6:00,3
6/4/2019 7:00,3
6/4/2019 8:00,3
6/4/2019 9:00,3
6/4/2019 10:00,4
6/4/2019 11:00,4
6/4/2019 12:00,4
6/4/2019 13:00,4
6/4/2019 14:00,4
6/4/2019 15:00,4
6/4/2019 16:00,4
6/4/2019 17:00,4
6/4/2019 18:00,4
6/4/2019 19:00,4
6/4/2019 20:00,4
6/4/2019 21:00,4
6/4/2019 22:00,4
6/4/2019 23:00,4
6/5/2019 0:00,4
6/5/2019 1:00,4
6/5/2019 2:00,4
6/5/2019 3:00,4
6/5/2019 4:00,4
6/5/2019 5:00,4
6/5/2019 6:00,4
6/5/2019 7:00,4
6/5/2019 8:00,4
6/5/2019 9:00,4
6/5/2019 10:00,3
6/5/2019 11:00,4
6/5/2019 12:00,4
6/5/2019 13:00,4
6/5/2019 14:00,4
6/5/2019 15:00,4
6/5/2019 16:00,4
6/5/2019 17:00,4
6/5/2019 18:00,4
6/5/2019 19:00,4
6/5/2019 20:00,4
6/5/2019 21:00,4
6/5/2019 22:00,4
6/5/2019 23:00,4
6/6/2019 0:00,4
6/6/2019 1:00,4
6/6/2019 2:00,3
6/6/2019 3:00,3
6/6/2019 4:00,3
6/6/2019 5:00,2
6/6/2019 6:00,3
6/6/2019 7:00,2
6/6/2019 8:00,3
6/6/2019 9:00,3
6/6/2019 10:00,3
6/6/2019 11:00,3
6/6/2019 12:00,3
6/6/2019 13:00,3
6/6/2019 14:00,3
6/6/2019 15:00,4
6/6/2019 16:00,4
6/6/2019 17:00,4
6/6/2019 18:00,4
6/6/2019 19:00,4
6/6/2019 20:00,4
6/6/2019 21:00,4
6/6/2019 22:00,4
6/6/2019 23:00,4
6/7/2019 0:00,4
6/7/2019 1:00,4
6/7/2019 2:00,4
6/7/2019 3:00,4
6/7/2019 4:00,4
6/7/2019 5:00,4
6/7/2019 6:00,4
6/7/2019 7:00,4
6/7/2019 8:00,4
6/7/2019 9:00,4
6/7/2019 10:00,4
6/7/2019 11:00,4
6/7/2019 12:00,4
6/7/2019 13:00,3
6/7/2019 14:00,3
6/7/2019 15:00,3
6/7/2019 16:00,3
6/7/2019 17:00,3
6/7/2019 18:00,3
6/7/2019 19:00,3
6/7/2019 20:00,3
6/7/2019 21:00,4
6/7/2019 22:00,4
6/7/2019 23:00,4
6/8/2019 0:00,4
6/8/2019 1:00,4
6/8/2019 2:00,4
6/8/2019 3:00,4
6/8/2019 4:00,4
6/8/2019 5:00,4
6/8/2019 6:00,4
6/8/2019 7:00,5
6/8/2019 8:00,5
6/8/2019 9:00,4
6/8/2019 10:00,4
6/8/2019 11:00,4
6/8/2019 12:00,4
6/8/2019 13:00,3
6/8/2019 14:00,3
6/8/2019 15:00,3
6/8/2019 16:00,2
6/8/2019 17:00,3
6/8/2019 18:00,3
6/8/2019 19:00,3
6/8/2019 20:00,3
6/8/2019 21:00,4
6/8/2019 22:00,4
6/8/2019 23:00,4
6/9/2019 0:00,4
6/9/2019 1:00,4
6/9/2019 2:00,4
6/9/2019 3:00,4
6/9/2019 4:00,4
6/9/2019 5:00,4
6/9/2019 6:00,4
6/9/2019 7:00,4
6/9/2019 8:00,5
6/9/2019 9:00,5
6/9/2019 10:00,4
6/9/2019 11:00,4
6/9/2019 12:00,4
6/9/2019 13:00,3
6/9/2019 14:00,3
6/9/2019 15:00,3
6/9/2019 16:00,3
6/9/2019 17:00,3
6/9/2019 18:00,3
6/9/2019 19:00,3
6/9/2019 20:00,3
6/9/2019 21:00,4
6/9/2019 22:00,4
6/9/2019 23:00,4
6/10/2019 0:00,4
6/10/2019 1:00,4
6/10/2019 2:00,4
6/10/2019 3:00,4
6/10/2019 4:00,4
6/10/2019 5:00,4
6/10/2019 6:00,4
6/10/2019 7:00,4
6/10/2019 8:00,4
6/10/2019 9:00,4
6/10/2019 10:00,4
6/10/2019 11:00,4
6/10/2019 12:00,4
6/10/2019 13:00,4
6/10/2019 14:00,4
6/10/2019 15:00,4
6/10/2019 16:00,4
6/10/2019 17:00,4
6/10/2019 18:00,3
6/10/2019 19:00,3
6/10/2019 20:00,4
6/10/2019 21:00,4
6/10/2019 22:00,4
6/10/2019 23:00,4
6/11/2019 0:00,4
6/11/2019 1:00,4
6/11/2019 2:00,4
6/11/2019 3:00,4
6/11/2019 4:00,4
6/11/2019 5:00,4
6/11/2019 6:00,4
6/11/2019 7:00,4
6/11/2019 8:00,4
6/11/2019 9:00,4
6/11/2019 10:00,4
6/11/2019 11:00,4
6/11/2019 12:00,4
6/11/2019 13:00,4
6/11/2019 14:00,4
6/11/2019 15:00,4
6/11/2019 16:00,4
6/11/2019 17:00,4
6/11/2019 18:00,4
6/11/2019 19:00,4
6/11/2019 20:00,4
6/11/2019 21:00,4
6/11/2019 22:00,4
6/11/2019 23:00,4
6/12/2019 0:00,4
6/12/2019 1:00,4
6/12/2019 2:00,4
6/12/2019 3:00,4
6/12/2019 4:00,4
6/12/2019 5:00,4
6/12/2019 6:00,4
6/12/2019 7:00,4
6/12/2019 8:00,4
6/12/2019 9:00,4
6/12/2019 10:00,4
6/12/2019 11:00,4
6/12/2019 12:00,4
6/12/2019 13:00,4
6/12/2019 14:00,4
6/12/2019 15:00,4
6/12/2019 16:00,4
6/12/2019 17:00,4
6/12/2019 18:00,4
6/12/2019 19:00,4
6/12/2019 20:00,4
6/12/2019 21:00,4
6/12/2019 22:00,4
6/12/2019 23:00,4
6/13/2019 0:00,4
6/13/2019 1:00,3
6/13/2019 2:00,3
6/13/2019 3:00,3
6/13/2019 4:00,3
6/13/2019 5:00,4
6/13/2019 6:00,4
6/13/2019 7:00,4
6/13/2019 8:00,4
6/13/2019 9:00,4
6/13/2019 10:00,3
6/13/2019 11:00,3
6/13/2019 12:00,3
6/13/2019 13:00,4
6/13/2019 14:00,4
6/13/2019 15:00,4
6/13/2019 16:00,3
6/13/2019 17:00,3
6/13/2019 18:00,3
6/13/2019 19:00,3
6/13/2019 20:00,3
6/13/2019 21:00,3
6/13/2019 22:00,4
6/13/2019 23:00,4
6/14/2019 0:00,4
6/14/2019 1:00,4
6/14/2019 2:00,4
6/14/2019 3:00,4
6/14/2019 4:00,4
6/14/2019 5:00,4
6/14/2019 6:00,4
6/14/2019 7:00,4
6/14/2019 8:00,4
6/14/2019 9:00,4
6/14/2019 10:00,4
6/14/2019 11:00,4
6/14/2019 12:00,4
6/14/2019 13:00,4
6/14/2019 14:00,3
6/14/2019 15:00,4
6/14/2019 16:00,4
6/14/2019 17:00,4
6/14/2019 18:00,4
6/14/2019 19:00,4
6/14/2019 20:00,4
6/14/2019 21:00,4
6/14/2019 22:00,4
6/14/2019 23:00,4
6/15/2019 0:00,4
6/15/2019 1:00,4
6/15/2019 2:00,4
6/15/2019 3:00,4
6/15/2019 4:00,4
6/15/2019 5:00,4
6/15/2019 6:00,4
6/15/2019 7:00,4
6/15/2019 8:00,4
6/15/2019 9:00,5
6/15/2019 10:00,6
6/15/2019 11:00,5
6/15/2019 12:00,4
6/15/2019 13:00,4
6/15/2019 14:00,5
6/15/2019 15:00,4
6/15/2019 16:00,4
6/15/2019 17:00,4
6/15/2019 18:00,4
6/15/2019 19:00,4
6/15/2019 20:00,4
6/15/2019 21:00,4
6/15/2019 22:00,4
6/15/2019 23:00,4
6/16/2019 0:00,4
6/16/2019 1:00,4
6/16/2019 2:00,4
6/16/2019 3:00,4
6/16/2019 4:00,4
6/16/2019 5:00,4
6/16/2019 6:00,4
6/16/2019 7:00,4
6/16/2019 8:00,4
6/16/2019 9:00,4
6/16/2019 10:00,4
6/16/2019 11:00,4
6/16/2019 12:00,4
6/16/2019 13:00,4
6/16/2019 14:00,4
6/16/2019 15:00,4
6/16/2019 16:00,4
6/16/2019 17:00,4
6/16/2019 18:00,4
6/16/2019 19:00,4
6/16/2019 20:00,4
6/16/2019 21:00,4
6/16/2019 22:00,4
6/16/2019 23:00,4
6/17/2019 0:00,4
6/17/2019 1:00,4
6/17/2019 2:00,4
6/17/2019 3:00,4
6/17/2019 4:00,4
6/17/2019 5:00,4
6/17/2019 6:00,4
6/17/2019 7:00,4
6/17/2019 8:00,4
6/17/2019 9:00,4
6/17/2019 10:00,4
6/17/2019 11:00,4
6/17/2019 12:00,4
6/17/2019 13:00,4
6/17/2019 14:00,4
6/17/2019 15:00,4
6/17/2019 16:00,4
6/17/2019 17:00,4
6/17/2019 18:00,3
6/17/2019 19:00,3
6/17/2019 20:00,4
6/17/2019 21:00,4
6/17/2019 22:00,3
6/17/2019 23:00,3
6/18/2019 0:00,3
6/18/2019 1:00,2
6/18/2019 2:00,2
6/18/2019 3:00,2
6/18/2019 4:00,2
6/18/2019 5:00,2
6/18/2019 6:00,2
6/18/2019 7:00,2
6/18/2019 8:00,2
6/18/2019 9:00,2
6/18/2019 10:00,2
6/18/2019 11:00,3
6/18/2019 12:00,3
6/18/2019 13:00,4
6/18/2019 14:00,4
6/18/2019 15:00,4
6/18/2019 16:00,4
6/18/2019 17:00,4
6/18/2019 18:00,4
6/18/2019 19:00,4
6/18/2019 20:00,4
6/18/2019 21:00,4
6/18/2019 22:00,4
6/18/2019 23:00,4
6/19/2019 0:00,4
6/19/2019 1:00,4
6/19/2019 2:00,4
6/19/2019 3:00,4
6/19/2019 4:00,4
6/19/2019 5:00,4
6/19/2019 6:00,4
6/19/2019 7:00,4
6/19/2019 8:00,4
6/19/2019 9:00,4
6/19/2019 10:00,4
6/19/2019 11:00,4
6/19/2019 12:00,4
6/19/2019 13:00,4
6/19/2019 14:00,4
6/19/2019 15:00,4
6/19/2019 16:00,4
6/19/2019 17:00,4
6/19/2019 18:00,4
6/19/2019 19:00,4
6/19/2019 20:00,4
6/19/2019 21:00,4
6/19/2019 22:00,4
6/19/2019 23:00,4
6/20/2019 0:00,4
6/20/2019 1:00,4
6/20/2019 2:00,4
6/20/2019 3:00,4
6/20/2019 4:00,4
6/20/2019 5:00,4
6/20/2019 6:00,4
6/20/2019 7:00,4
6/20/2019 8:00,4
6/20/2019 9:00,4
6/20/2019 10:00,4
6/20/2019 11:00,4
6/20/2019 12:00,4
6/20/2019 13:00,4
6/20/2019 14:00,4
6/20/2019 15:00,4
6/20/2019 16:00,4
6/20/2019 17:00,4
6/20/2019 18:00,3
6/20/2019 19:00,3
6/20/2019 20:00,3
6/20/2019 21:00,3
6/20/2019 22:00,3
6/20/2019 23:00,3
6/21/2019 0:00,3
6/21/2019 1:00,4
6/21/2019 2:00,4
6/21/2019 3:00,4
6/21/2019 4:00,4
6/21/2019 5:00,4
6/21/2019 6:00,5
6/21/2019 7:00,5
6/21/2019 8:00,5
6/21/2019 9:00,5
6/21/2019 10:00,4
6/21/2019 11:00,4
6/21/2019 12:00,4
6/21/2019 13:00,5
6/21/2019 14:00,4
6/21/2019 15:00,4
6/21/2019 16:00,4
6/21/2019 17:00,4
6/21/2019 18:00,4
6/21/2019 19:00,4
6/21/2019 20:00,4
6/21/2019 21:00,4
6/21/2019 22:00,4
6/21/2019 23:00,4
6/22/2019 0:00,4
6/22/2019 1:00,4
6/22/2019 2:00,4
6/22/2019 3:00,4
6/22/2019 4:00,4
6/22/2019 5:00,4
6/22/2019 6:00,4
6/22/2019 7:00,4
6/22/2019 8:00,5
6/22/2019 9:00,4
6/22/2019 10:00,4
6/22/2019 11:00,4
6/22/2019 12:00,4
6/22/2019 13:00,4
6/22/2019 14:00,4
6/22/2019 15:00,4
6/22/2019 16:00,4
6/22/2019 17:00,4
6/22/2019 18:00,4
6/22/2019 19:00,3
6/22/2019 20:00,3
6/22/2019 21:00,3
6/22/2019 22:00,4
6/22/2019 23:00,4
6/23/2019 0:00,4
6/23/2019 1:00,4
6/23/2019 2:00,4
6/23/2019 3:00,4
6/23/2019 4:00,4
6/23/2019 5:00,4
6/23/2019 6:00,4
6/23/2019 7:00,4
6/23/2019 8:00,4
6/23/2019 9:00,4
6/23/2019 10:00,4
6/23/2019 11:00,4
6/23/2019 12:00,4
6/23/2019 13:00,4
6/23/2019 14:00,4
6/23/2019 15:00,4
6/23/2019 16:00,4
6/23/2019 17:00,4
6/23/2019 18:00,4
6/23/2019 19:00,3
6/23/2019 20:00,3
6/23/2019 21:00,4
6/23/2019 22:00,4
6/23/2019 23:00,4
6/24/2019 0:00,4
6/24/2019 1:00,4
6/24/2019 2:00,3
6/24/2019 3:00,3
6/24/2019 4:00,3
6/24/2019 5:00,4
6/24/2019 6:00,4
6/24/2019 7:00,5
6/24/2019 8:00,5
6/24/2019 9:00,5
6/24/2019 10:00,4
6/24/2019 11:00,4
6/24/2019 12:00,3
6/24/2019 13:00,3
6/24/2019 14:00,3
6/24/2019 15:00,3
6/24/2019 16:00,3
6/24/2019 17:00,4
6/24/2019 18:00,3
6/24/2019 19:00,4
6/24/2019 20:00,4
6/24/2019 21:00,4
6/24/2019 22:00,4
6/24/2019 23:00,4
6/25/2019 0:00,4
6/25/2019 1:00,4
6/25/2019 2:00,4
6/25/2019 3:00,4
6/25/2019 4:00,6
6/25/2019 5:00,5
6/25/2019 6:00,5
6/25/2019 7:00,5
6/25/2019 8:00,5
6/25/2019 9:00,6
6/25/2019 10:00,5
6/25/2019 11:00,5
6/25/2019 12:00,5
6/25/2019 13:00,4
6/25/2019 14:00,4
6/25/2019 15:00,4
6/25/2019 16:00,3
6/25/2019 17:00,3
6/25/2019 18:00,3
6/25/2019 19:00,3
6/25/2019 20:00,3
6/25/2019 21:00,3
6/25/2019 22:00,3
6/25/2019 23:00,4
6/26/2019 0:00,4
6/26/2019 1:00,4
6/26/2019 2:00,4
6/26/2019 3:00,4
6/26/2019 4:00,4
6/26/2019 5:00,4
6/26/2019 6:00,4
6/26/2019 7:00,5
6/26/2019 8:00,5
6/26/2019 9:00,5
6/26/2019 10:00,4
6/26/2019 11:00,4
6/26/2019 12:00,4
6/26/2019 13:00,4
6/26/2019 14:00,4
6/26/2019 15:00,4
6/26/2019 16:00,3
6/26/2019 17:00,3
6/26/2019 18:00,3
6/26/2019 19:00,3
6/26/2019 20:00,3
6/26/2019 21:00,3
6/26/2019 22:00,4
6/26/2019 23:00,4
6/27/2019 0:00,4
6/27/2019 1:00,3
6/27/2019 2:00,4
6/27/2019 3:00,4
6/27/2019 4:00,4
6/27/2019 5:00,4
6/27/2019 6:00,4
6/27/2019 7:00,4
6/27/2019 8:00,4
6/27/2019 9:00,3
6/27/2019 10:00,3
6/27/2019 11:00,3
6/27/2019 12:00,3
6/27/2019 13:00,3
6/27/2019 14:00,3
6/27/2019 19:00,3
6/27/2019 20:00,3
6/27/2019 21:00,3
6/27/2019 22:00,3
6/27/2019 23:00,4
6/28/2019 0:00,4
6/28/2019 1:00,4
6/28/2019 2:00,4
6/28/2019 3:00,4
6/28/2019 4:00,4
6/28/2019 5:00,4
6/28/2019 6:00,6
6/28/2019 7:00,6
6/28/2019 8:00,6
6/28/2019 9:00,6
6/28/2019 10:00,5
6/28/2019 11:00,5
6/28/2019 12:00,5
6/28/2019 13:00,4
6/28/2019 14:00,4
6/28/2019 15:00,4
6/28/2019 16:00,4
6/28/2019 17:00,4
6/28/2019 18:00,4
6/28/2019 19:00,4
6/28/2019 20:00,4
6/28/2019 21:00,4
6/28/2019 22:00,4
6/28/2019 23:00,4
6/29/2019 0:00,4
6/29/2019 1:00,4
6/29/2019 2:00,4
6/29/2019 3:00,4
6/29/2019 4:00,4
6/29/2019 5:00,4
6/29/2019 6:00,4
6/29/2019 7:00,4
6/29/2019 8:00,4
6/29/2019 9:00,4
6/29/2019 10:00,4
6/29/2019 11:00,4
6/29/2019 12:00,4
6/29/2019 13:00,4
6/29/2019 14:00,3
6/29/2019 15:00,3
6/29/2019 16:00,3
6/29/2019 17:00,3
6/29/2019 18:00,3
6/29/2019 19:00,3
6/29/2019 20:00,3
6/29/2019 21:00,3
6/29/2019 22:00,4
6/29/2019 23:00,4
6/30/2019 0:00,4
6/30/2019 1:00,4
6/30/2019 2:00,4
6/30/2019 3:00,4
6/30/2019 4:00,4
6/30/2019 5:00,4
6/30/2019 6:00,4
6/30/2019 7:00,4
6/30/2019 8:00,4
6/30/2019 9:00,4
6/30/2019 10:00,4
6/30/2019 11:00,4
6/30/2019 12:00,4
6/30/2019 13:00,4
6/30/2019 14:00,4
6/30/2019 15:00,3
6/30/2019 16:00,4
6/30/2019 17:00,3
6/30/2019 18:00,3
6/30/2019 19:00,3
6/30/2019 20:00,3
6/30/2019 21:00,3
6/30/2019 22:00,3
6/30/2019 23:00,3
7/1/2019 0:00,4
7/1/2019 1:00,4
7/1/2019 2:00,4
7/1/2019 3:00,4
7/1/2019 4:00,4
7/1/2019 5:00,4
7/1/2019 6:00,4
7/1/2019 7:00,4
7/1/2019 8:00,4
7/1/2019 9:00,4
7/1/2019 10:00,4
7/1/2019 11:00,4
7/1/2019 12:00,4
7/1/2019 13:00,3
7/1/2019 14:00,3
7/1/2019 15:00,3
7/1/2019 16:00,3
7/1/2019 17:00,4
7/1/2019 18:00,4
7/1/2019 19:00,4
7/1/2019 20:00,4
7/1/2019 21:00,4
7/1/2019 22:00,4
7/1/2019 23:00,4
7/2/2019 0:00,3
7/2/2019 1:00,3
7/2/2019 2:00,4
7/2/2019 3:00,4
7/2/2019 4:00,4
7/2/2019 5:00,3
7/2/2019 6:00,3
7/2/2019 7:00,4
7/2/2019 8:00,4
7/2/2019 9:00,4
7/2/2019 10:00,4
7/2/2019 11:00,4
7/2/2019 12:00,4
7/2/2019 13:00,4
7/2/2019 14:00,4
7/2/2019 15:00,4
7/2/2019 16:00,4
7/2/2019 17:00,4
7/2/2019 18:00,4
7/2/2019 19:00,4
7/2/2019 20:00,4
7/2/2019 21:00,4
7/2/2019 22:00,4
7/2/2019 23:00,4
7/3/2019 0:00,4
7/3/2019 1:00,4
7/3/2019 2:00,4
7/3/2019 3:00,4
7/3/2019 4:00,4
7/3/2019 5:00,4
7/3/2019 6:00,4
7/3/2019 7:00,4
7/3/2019 8:00,4
7/3/2019 9:00,4
7/3/2019 10:00,4
7/3/2019 11:00,4
7/3/2019 12:00,4
7/3/2019 13:00,4
7/3/2019 14:00,4
7/3/2019 15:00,4
7/3/2019 16:00,4
7/3/2019 17:00,4
7/3/2019 18:00,4
7/3/2019 19:00,4
7/3/2019 20:00,4
7/3/2019 21:00,4
7/3/2019 22:00,4
7/3/2019 23:00,4
7/4/2019 0:00,4
7/4/2019 1:00,4
7/4/2019 2:00,4
7/4/2019 3:00,4
7/4/2019 4:00,4
7/4/2019 5:00,4
7/4/2019 6:00,4
7/4/2019 7:00,4
7/4/2019 8:00,4
7/4/2019 9:00,4
7/4/2019 10:00,4
7/4/2019 11:00,4
7/4/2019 12:00,4
7/4/2019 13:00,4
7/4/2019 14:00,4
7/4/2019 15:00,4
7/4/2019 16:00,4
7/4/2019 17:00,4
7/4/2019 18:00,4
7/4/2019 19:00,4
7/4/2019 20:00,3
7/4/2019 21:00,3
7/4/2019 22:00,3
7/4/2019 23:00,3
7/5/2019 0:00,3
7/5/2019 1:00,3
7/5/2019 2:00,2
7/5/2019 3:00,3
7/5/2019 4:00,3
7/5/2019 5:00,2
7/5/2019 6:00,2
7/5/2019 7:00,3
7/5/2019 8:00,4
7/5/2019 9:00,4
7/5/2019 10:00,4
7/5/2019 11:00,3
7/5/2019 12:00,3
7/5/2019 13:00,4
7/5/2019 14:00,4
7/5/2019 15:00,4
7/5/2019 16:00,3
7/5/2019 17:00,3
7/5/2019 18:00,3
7/5/2019 19:00,3
7/5/2019 20:00,3
7/5/2019 21:00,3
7/5/2019 22:00,3
7/5/2019 23:00,3
7/6/2019 0:00,3
7/6/2019 1:00,4
7/6/2019 2:00,4
7/6/2019 3:00,3
7/6/2019 4:00,3
7/6/2019 5:00,3
7/6/2019 6:00,3
7/6/2019 7:00,3
7/6/2019 8:00,3
7/6/2019 9:00,4
7/6/2019 10:00,4
7/6/2019 11:00,3
7/6/2019 12:00,3
7/6/2019 13:00,3
7/6/2019 14:00,4
7/6/2019 15:00,4
7/6/2019 16:00,4
7/6/2019 17:00,4
7/6/2019 18:00,4
7/6/2019 19:00,4
7/6/2019 20:00,4
7/6/2019 21:00,4
7/6/2019 22:00,4
7/6/2019 23:00,4
7/7/2019 0:00,4
7/7/2019 1:00,4
7/7/2019 2:00,5
7/7/2019 3:00,4
7/7/2019 4:00,4
7/7/2019 5:00,4
7/7/2019 6:00,4
7/7/2019 7:00,3
7/7/2019 8:00,3
7/7/2019 9:00,3
7/7/2019 10:00,3
7/7/2019 11:00,3
7/7/2019 12:00,3
7/7/2019 13:00,3
7/7/2019 14:00,3
7/7/2019 15:00,3
7/7/2019 16:00,4
7/7/2019 17:00,4
7/7/2019 18:00,4
7/7/2019 19:00,4
7/7/2019 20:00,4
7/7/2019 21:00,3
7/7/2019 22:00,4
7/7/2019 23:00,4
7/8/2019 0:00,4
7/8/2019 1:00,4
7/8/2019 2:00,4
7/8/2019 3:00,4
7/8/2019 4:00,4
7/8/2019 5:00,4
7/8/2019 6:00,4
7/8/2019 7:00,4
7/8/2019 8:00,4
7/8/2019 9:00,4
7/8/2019 10:00,4
7/8/2019 11:00,4
7/8/2019 12:00,4
7/8/2019 13:00,4
7/8/2019 14:00,4
7/8/2019 15:00,4
7/8/2019 16:00,4
7/8/2019 17:00,4
7/8/2019 18:00,4
7/8/2019 19:00,4
7/8/2019 20:00,4
7/8/2019 21:00,4
7/8/2019 22:00,4
7/8/2019 23:00,4
7/9/2019 0:00,4
7/9/2019 1:00,4
7/9/2019 2:00,4
7/9/2019 3:00,4
7/9/2019 4:00,4
7/9/2019 5:00,4
7/9/2019 6:00,4
7/9/2019 7:00,4
7/9/2019 8:00,4
7/9/2019 9:00,3
7/9/2019 10:00,3
7/9/2019 11:00,3
7/9/2019 12:00,3
7/9/2019 13:00,3
7/9/2019 14:00,2
7/9/2019 15:00,2
7/9/2019 16:00,2
7/9/2019 17:00,3
7/9/2019 18:00,3
7/9/2019 19:00,3
7/9/2019 20:00,3
7/9/2019 21:00,3
7/9/2019 22:00,3
7/9/2019 23:00,3
7/10/2019 0:00,3
7/10/2019 1:00,3
7/10/2019 2:00,3
7/10/2019 3:00,3
7/10/2019 4:00,3
7/10/2019 5:00,3
7/10/2019 6:00,3
7/10/2019 7:00,3
7/10/2019 8:00,4
7/10/2019 9:00,4
7/10/2019 10:00,4
7/10/2019 11:00,4
7/10/2019 12:00,4
7/10/2019 13:00,4
7/10/2019 14:00,4
7/10/2019 15:00,4
7/10/2019 16:00,4
7/10/2019 17:00,4
7/10/2019 18:00,4
7/10/2019 19:00,4
7/10/2019 20:00,4
7/10/2019 21:00,4
7/10/2019 22:00,4
7/10/2019 23:00,4
7/11/2019 0:00,4
7/11/2019 1:00,4
7/11/2019 2:00,4
7/11/2019 3:00,4
7/11/2019 4:00,4
7/11/2019 5:00,4
7/11/2019 6:00,4
7/11/2019 7:00,4
7/11/2019 8:00,4
7/11/2019 9:00,3
7/11/2019 10:00,3
7/11/2019 11:00,3
7/11/2019 12:00,3
7/11/2019 13:00,3
7/11/2019 14:00,3
7/11/2019 15:00,3
7/11/2019 16:00,3
7/11/2019 17:00,3
7/11/2019 18:00,4
7/11/2019 19:00,4
7/11/2019 20:00,4
7/11/2019 21:00,4
7/11/2019 22:00,3
7/11/2019 23:00,3
7/12/2019 0:00,4
7/12/2019 1:00,4
7/12/2019 2:00,3
7/12/2019 3:00,3
7/12/2019 4:00,3
7/12/2019 5:00,3
7/12/2019 6:00,3
7/12/2019 7:00,4
7/12/2019 8:00,4
7/12/2019 9:00,4
7/12/2019 10:00,4
7/12/2019 11:00,4
7/12/2019 12:00,4
7/12/2019 13:00,4
7/12/2019 14:00,4
7/12/2019 15:00,4
7/12/2019 16:00,4
7/12/2019 17:00,4
7/12/2019 18:00,5
7/12/2019 19:00,5
7/12/2019 20:00,4
7/12/2019 21:00,4
7/12/2019 22:00,4
7/12/2019 23:00,4
7/13/2019 0:00,4
7/13/2019 1:00,4
7/13/2019 2:00,4
7/13/2019 3:00,4
7/13/2019 4:00,4
7/13/2019 5:00,4
7/13/2019 6:00,4
7/13/2019 7:00,4
7/13/2019 8:00,4
7/13/2019 9:00,3
7/13/2019 10:00,3
7/13/2019 11:00,4
7/13/2019 12:00,3
7/13/2019 13:00,3
7/13/2019 14:00,3
7/13/2019 15:00,3
7/13/2019 16:00,3
7/13/2019 17:00,3
7/13/2019 18:00,3
7/13/2019 19:00,3
7/13/2019 20:00,3
7/13/2019 21:00,3
7/13/2019 22:00,3
7/13/2019 23:00,3
7/14/2019 0:00,2
7/14/2019 1:00,2
7/14/2019 2:00,2
7/14/2019 3:00,2
7/14/2019 4:00,3
7/14/2019 5:00,3
7/14/2019 6:00,3
7/14/2019 7:00,3
7/14/2019 8:00,3
7/14/2019 9:00,2
7/14/2019 10:00,2
7/14/2019 11:00,2
7/14/2019 12:00,2
7/14/2019 13:00,2
7/14/2019 14:00,2
7/14/2019 15:00,2
7/14/2019 16:00,2
7/14/2019 17:00,2
7/14/2019 18:00,2
7/14/2019 19:00,2
7/14/2019 20:00,2
7/14/2019 21:00,2
7/14/2019 22:00,2
7/14/2019 23:00,2
7/15/2019 0:00,2
7/15/2019 1:00,2
7/15/2019 2:00,2
7/15/2019 3:00,2
7/15/2019 4:00,2
7/15/2019 5:00,2
7/15/2019 6:00,2
7/15/2019 7:00,2
7/15/2019 8:00,3
7/15/2019 9:00,4
7/15/2019 10:00,4
7/15/2019 11:00,4
7/15/2019 12:00,4
7/15/2019 13:00,4
7/15/2019 14:00,4
7/15/2019 15:00,4
7/15/2019 16:00,4
7/15/2019 17:00,4
7/15/2019 18:00,4
7/15/2019 19:00,4
7/15/2019 20:00,4
7/15/2019 21:00,4
7/15/2019 22:00,4
7/15/2019 23:00,4
7/16/2019 0:00,4
7/16/2019 1:00,4
7/16/2019 2:00,4
7/16/2019 3:00,4
7/16/2019 4:00,4
7/16/2019 5:00,4
7/16/2019 6:00,3
7/16/2019 7:00,3
7/16/2019 8:00,3
7/16/2019 9:00,3
7/16/2019 10:00,3
7/16/2019 11:00,3
7/16/2019 12:00,3
7/16/2019 13:00,3
7/16/2019 14:00,3
7/16/2019 15:00,3
7/16/2019 16:00,3
7/16/2019 17:00,2
7/16/2019 18:00,2
7/16/2019 19:00,2
7/16/2019 20:00,2
7/16/2019 21:00,2
7/16/2019 22:00,3
7/16/2019 23:00,3
7/17/2019 0:00,3
7/17/2019 1:00,4
7/17/2019 2:00,4
7/17/2019 3:00,4
7/17/2019 4:00,3
7/17/2019 5:00,3
7/17/2019 6:00,3
7/17/2019 7:00,3
7/17/2019 8:00,2
7/17/2019 9:00,2
7/17/2019 10:00,2
7/17/2019 11:00,2
7/17/2019 12:00,2
7/17/2019 13:00,2
7/17/2019 14:00,2
7/17/2019 15:00,2
7/17/2019 16:00,2
7/17/2019 17:00,2
7/17/2019 18:00,2
7/17/2019 19:00,2
7/17/2019 20:00,2
7/17/2019 21:00,3
7/17/2019 22:00,3
7/17/2019 23:00,3
7/18/2019 0:00,3
7/18/2019 1:00,3
7/18/2019 2:00,3
7/18/2019 3:00,3
7/18/2019 4:00,3
7/18/2019 5:00,3
7/18/2019 6:00,3
7/18/2019 7:00,3
7/18/2019 8:00,2
7/18/2019 9:00,2
7/18/2019 10:00,3
7/18/2019 11:00,3
7/18/2019 12:00,3
7/18/2019 13:00,3
7/18/2019 14:00,3
7/18/2019 15:00,3
7/18/2019 16:00,3
7/18/2019 17:00,3
7/18/2019 18:00,3
7/18/2019 19:00,3
7/18/2019 20:00,3
7/18/2019 21:00,3
7/18/2019 22:00,3
7/18/2019 23:00,4
7/19/2019 0:00,4
7/19/2019 1:00,4
7/19/2019 2:00,4
7/19/2019 3:00,4
7/19/2019 4:00,4
7/19/2019 5:00,4
7/19/2019 6:00,4
7/19/2019 7:00,4
7/19/2019 8:00,4
7/19/2019 9:00,4
7/19/2019 10:00,4
7/19/2019 11:00,4
7/19/2019 12:00,4
7/19/2019 13:00,3
7/19/2019 14:00,3
7/19/2019 15:00,3
7/19/2019 16:00,2
7/19/2019 17:00,2
7/19/2019 18:00,2
7/19/2019 19:00,2
7/19/2019 20:00,3
7/19/2019 21:00,3
7/19/2019 22:00,3
7/19/2019 23:00,3
7/20/2019 0:00,4
7/20/2019 1:00,3
7/20/2019 2:00,3
7/20/2019 3:00,3
7/20/2019 4:00,3
7/20/2019 5:00,3
7/20/2019 6:00,3
7/20/2019 7:00,4
7/20/2019 8:00,4
7/20/2019 9:00,4
7/20/2019 10:00,4
7/20/2019 11:00,4
7/20/2019 12:00,4
7/20/2019 13:00,4
7/20/2019 14:00,3
7/20/2019 15:00,3
7/20/2019 16:00,4
7/20/2019 17:00,3
7/20/2019 18:00,3
7/20/2019 19:00,4
7/20/2019 20:00,4
7/20/2019 21:00,4
7/20/2019 22:00,3
7/20/2019 23:00,3
7/21/2019 0:00,3
7/21/2019 1:00,3
7/21/2019 2:00,3
7/21/2019 3:00,3
7/21/2019 4:00,3
7/21/2019 5:00,4
7/21/2019 6:00,4
7/21/2019 7:00,4
7/21/2019 8:00,4
7/21/2019 9:00,3
7/21/2019 10:00,3
7/21/2019 11:00,3
7/21/2019 12:00,3
7/21/2019 13:00,3
7/21/2019 14:00,3
7/21/2019 15:00,3
7/21/2019 16:00,3
7/21/2019 17:00,3
7/21/2019 18:00,3
7/21/2019 19:00,3
7/21/2019 20:00,3
7/21/2019 21:00,3
7/21/2019 22:00,3
7/21/2019 23:00,3
7/22/2019 0:00,4
7/22/2019 1:00,4
7/22/2019 2:00,4
7/22/2019 3:00,4
7/22/2019 4:00,4
7/22/2019 5:00,4
7/22/2019 6:00,4
7/22/2019 7:00,4
7/22/2019 8:00,4
7/22/2019 9:00,4
7/22/2019 10:00,4
7/22/2019 11:00,4
7/22/2019 12:00,4
7/22/2019 13:00,4
7/22/2019 14:00,4
7/22/2019 15:00,4
7/22/2019 16:00,4
7/22/2019 17:00,4
7/22/2019 18:00,4
7/22/2019 19:00,4
7/22/2019 20:00,4
7/22/2019 21:00,4
7/22/2019 22:00,4
7/22/2019 23:00,4
7/23/2019 0:00,4
7/23/2019 1:00,4
7/23/2019 2:00,4
7/23/2019 3:00,4
7/23/2019 4:00,4
7/23/2019 5:00,4
7/23/2019 6:00,4
7/23/2019 7:00,4
7/23/2019 8:00,4
7/23/2019 9:00,4
7/23/2019 10:00,4
7/23/2019 11:00,4
7/23/2019 12:00,4
7/23/2019 13:00,4
7/23/2019 14:00,4
7/23/2019 15:00,4
7/23/2019 16:00,4
7/23/2019 17:00,4
7/23/2019 18:00,4
7/23/2019 19:00,4
7/23/2019 20:00,4
7/23/2019 21:00,4
7/23/2019 22:00,4
7/23/2019 23:00,4
7/24/2019 0:00,4
7/24/2019 1:00,4
7/24/2019 2:00,4
7/24/2019 3:00,4
7/24/2019 4:00,4
7/24/2019 5:00,4
7/24/2019 6:00,4
7/24/2019 7:00,4
7/24/2019 8:00,4
7/24/2019 9:00,4
7/24/2019 10:00,4
7/24/2019 11:00,4
7/24/2019 12:00,4
7/24/2019 13:00,4
7/24/2019 14:00,4
7/24/2019 15:00,4
7/24/2019 16:00,4
7/24/2019 17:00,4
7/24/2019 18:00,4
7/24/2019 19:00,4
7/24/2019 20:00,4
7/24/2019 21:00,4
7/24/2019 22:00,4
7/24/2019 23:00,4
7/25/2019 0:00,4
7/25/2019 1:00,4
7/25/2019 2:00,4
7/25/2019 3:00,4
7/25/2019 4:00,4
7/25/2019 5:00,4
7/25/2019 6:00,4
7/25/2019 7:00,3
7/25/2019 8:00,3
7/25/2019 9:00,3
7/25/2019 10:00,2
7/25/2019 11:00,2
7/25/2019 12:00,2
7/25/2019 13:00,2
7/25/2019 14:00,2
7/25/2019 15:00,2
7/25/2019 16:00,2
7/25/2019 17:00,2
7/25/2019 18:00,2
7/25/2019 19:00,2
7/25/2019 20:00,3
7/25/2019 21:00,3
7/25/2019 22:00,3
7/25/2019 23:00,2
7/26/2019 0:00,2
7/26/2019 1:00,2
7/26/2019 2:00,2
7/26/2019 3:00,2
7/26/2019 4:00,2
7/26/2019 5:00,2
7/26/2019 6:00,2
7/26/2019 7:00,3
7/26/2019 8:00,3
7/26/2019 9:00,3
7/26/2019 10:00,3
7/26/2019 11:00,2
7/26/2019 12:00,2
7/26/2019 13:00,2
7/26/2019 14:00,2
7/26/2019 15:00,2
7/26/2019 16:00,3
7/26/2019 17:00,3
7/26/2019 18:00,3
7/26/2019 19:00,3
7/26/2019 20:00,3
7/26/2019 21:00,3
7/26/2019 22:00,3
7/26/2019 23:00,3
7/27/2019 0:00,3
7/27/2019 1:00,3
7/27/2019 2:00,3
7/27/2019 3:00,3
7/27/2019 4:00,3
7/27/2019 5:00,3
7/27/2019 6:00,3
7/27/2019 7:00,3
7/27/2019 8:00,3
7/27/2019 9:00,3
7/27/2019 10:00,3
7/27/2019 11:00,3
7/27/2019 12:00,3
7/27/2019 13:00,2
7/27/2019 14:00,2
7/27/2019 15:00,2
7/27/2019 16:00,3
7/27/2019 17:00,3
7/27/2019 18:00,2
7/27/2019 19:00,2
7/27/2019 20:00,2
7/27/2019 21:00,2
7/27/2019 22:00,2
7/27/2019 23:00,2
7/28/2019 0:00,2
7/28/2019 1:00,2
7/28/2019 2:00,2
7/28/2019 3:00,2
7/28/2019 4:00,2
7/28/2019 5:00,2
7/28/2019 6:00,2
7/28/2019 7:00,4
7/28/2019 8:00,4
7/28/2019 9:00,4
7/28/2019 10:00,4
7/28/2019 11:00,4
7/28/2019 12:00,3
7/28/2019 13:00,3
7/28/2019 14:00,3
7/28/2019 15:00,3
7/28/2019 16:00,3
7/28/2019 17:00,3
7/28/2019 18:00,3
7/28/2019 19:00,3
7/28/2019 20:00,4
7/28/2019 21:00,3
7/28/2019 22:00,4
7/28/2019 23:00,4
7/29/2019 0:00,4
7/29/2019 1:00,5
7/29/2019 2:00,5
7/29/2019 3:00,4
7/29/2019 4:00,5
7/29/2019 5:00,4
7/29/2019 6:00,4
7/29/2019 7:00,4
7/29/2019 8:00,4
7/29/2019 9:00,3
7/29/2019 10:00,3
7/29/2019 11:00,2
7/29/2019 12:00,2
7/29/2019 13:00,2
7/29/2019 14:00,2
7/29/2019 15:00,2
7/29/2019 16:00,2
7/29/2019 17:00,2
7/29/2019 18:00,2
7/29/2019 19:00,2
7/29/2019 20:00,2
7/29/2019 21:00,2
7/29/2019 22:00,2
7/29/2019 23:00,2
7/30/2019 0:00,3
7/30/2019 1:00,3
7/30/2019 2:00,3
7/30/2019 3:00,3
7/30/2019 4:00,3
7/30/2019 5:00,3
7/30/2019 6:00,3
7/30/2019 7:00,3
7/30/2019 8:00,3
7/30/2019 9:00,3
7/30/2019 10:00,3
7/30/2019 11:00,3
7/30/2019 12:00,3
7/30/2019 13:00,3
7/30/2019 14:00,3
7/30/2019 15:00,3
7/30/2019 16:00,4
7/30/2019 17:00,4
7/30/2019 18:00,3
7/30/2019 19:00,3
7/30/2019 20:00,3
7/30/2019 21:00,4
7/30/2019 22:00,4
7/30/2019 23:00,4
7/31/2019 0:00,4
7/31/2019 1:00,4
7/31/2019 2:00,4
7/31/2019 3:00,3
7/31/2019 4:00,3
7/31/2019 5:00,3
7/31/2019 6:00,3
7/31/2019 7:00,3
7/31/2019 8:00,2
7/31/2019 9:00,2
7/31/2019 10:00,2
7/31/2019 11:00,2
7/31/2019 12:00,2
7/31/2019 13:00,2
7/31/2019 14:00,2
7/31/2019 15:00,2
7/31/2019 16:00,2
7/31/2019 17:00,2
7/31/2019 18:00,3
7/31/2019 19:00,3
7/31/2019 20:00,3
7/31/2019 21:00,3
7/31/2019 22:00,3
7/31/2019 23:00,3
8/1/2019 0:00,3
8/1/2019 1:00,2
8/1/2019 2:00,2
8/1/2019 3:00,2
8/1/2019 4:00,2
8/1/2019 5:00,3
8/1/2019 6:00,3
8/1/2019 7:00,3
8/1/2019 8:00,3
8/1/2019 9:00,3
8/1/2019 10:00,3
8/1/2019 11:00,3
8/1/2019 12:00,3
8/1/2019 13:00,3
8/1/2019 14:00,3
8/1/2019 15:00,3
8/1/2019 16:00,2
8/1/2019 17:00,2
8/1/2019 18:00,4
8/1/2019 19:00,4
8/1/2019 20:00,4
8/1/2019 21:00,3
8/1/2019 22:00,4
8/1/2019 23:00,3
8/2/2019 0:00,3
8/2/2019 1:00,3
8/2/2019 2:00,3
8/2/2019 3:00,3
8/2/2019 4:00,4
8/2/2019 5:00,4
8/2/2019 6:00,4
8/2/2019 7:00,2
8/2/2019 8:00,2
8/2/2019 9:00,2
8/2/2019 10:00,2
8/2/2019 11:00,2
8/2/2019 12:00,2
8/2/2019 13:00,1
8/2/2019 14:00,1
8/2/2019 15:00,2
8/2/2019 16:00,2
8/2/2019 17:00,2
8/2/2019 18:00,2
8/2/2019 19:00,2
8/2/2019 20:00,2
8/2/2019 21:00,2
8/2/2019 22:00,2
8/2/2019 23:00,2
8/3/2019 0:00,2
8/3/2019 1:00,2
8/3/2019 2:00,2
8/3/2019 3:00,2
8/3/2019 4:00,2
8/3/2019 5:00,2
8/3/2019 6:00,2
8/3/2019 7:00,2
8/3/2019 8:00,2
8/3/2019 9:00,3
8/3/2019 10:00,2
8/3/2019 11:00,2
8/3/2019 12:00,2
8/3/2019 13:00,3
8/3/2019 14:00,3
8/3/2019 15:00,3
8/3/2019 16:00,3
8/3/2019 17:00,3
8/3/2019 18:00,3
8/3/2019 19:00,2
8/3/2019 20:00,2
8/3/2019 21:00,2
8/3/2019 22:00,3
8/3/2019 23:00,3
8/4/2019 0:00,3
8/4/2019 1:00,3
8/4/2019 2:00,3
8/4/2019 3:00,3
8/4/2019 4:00,3
8/4/2019 5:00,3
8/4/2019 6:00,3
8/4/2019 7:00,3
8/4/2019 8:00,3
8/4/2019 9:00,3
8/4/2019 10:00,3
8/4/2019 11:00,3
8/4/2019 12:00,3
8/4/2019 13:00,3
8/4/2019 14:00,3
8/4/2019 15:00,3
8/4/2019 16:00,3
8/4/2019 17:00,3
8/4/2019 18:00,3
8/4/2019 19:00,3
8/4/2019 20:00,2
8/4/2019 21:00,3
8/4/2019 22:00,3
8/4/2019 23:00,3
8/5/2019 0:00,3
8/5/2019 1:00,3
8/5/2019 2:00,3
8/5/2019 3:00,3
8/5/2019 4:00,3
8/5/2019 5:00,3
8/5/2019 6:00,3
8/5/2019 7:00,3
8/5/2019 8:00,3
8/5/2019 9:00,3
8/5/2019 10:00,3
8/5/2019 11:00,3
8/5/2019 12:00,2
8/5/2019 13:00,2
8/5/2019 14:00,2
8/5/2019 15:00,2
8/5/2019 16:00,2
8/5/2019 17:00,2
8/5/2019 18:00,2
8/5/2019 19:00,2
8/5/2019 20:00,2
8/5/2019 21:00,3
8/5/2019 22:00,3
8/5/2019 23:00,3
8/6/2019 0:00,3
8/6/2019 1:00,3
8/6/2019 2:00,3
8/6/2019 3:00,3
8/6/2019 4:00,3
8/6/2019 5:00,4
8/6/2019 6:00,4
8/6/2019 7:00,4
8/6/2019 8:00,4
8/6/2019 9:00,4
8/6/2019 10:00,4
8/6/2019 11:00,4
8/6/2019 12:00,4
8/6/2019 13:00,4
8/6/2019 14:00,4
8/6/2019 15:00,4
8/6/2019 16:00,3
8/6/2019 17:00,3
8/6/2019 18:00,3
8/6/2019 19:00,3
8/6/2019 20:00,3
8/6/2019 21:00,3
8/6/2019 22:00,3
8/6/2019 23:00,3
8/7/2019 0:00,3
8/7/2019 1:00,3
8/7/2019 2:00,2
8/7/2019 3:00,2
8/7/2019 4:00,2
8/7/2019 5:00,2
8/7/2019 6:00,2
8/7/2019 7:00,2
8/7/2019 8:00,2
8/7/2019 9:00,2
8/7/2019 10:00,2
8/7/2019 11:00,3
8/7/2019 12:00,4
8/7/2019 13:00,3
8/7/2019 14:00,3
8/7/2019 15:00,3
8/7/2019 16:00,3
8/7/2019 17:00,3
8/7/2019 18:00,3
8/7/2019 19:00,3
8/7/2019 20:00,3
8/7/2019 21:00,3
8/7/2019 22:00,3
8/7/2019 23:00,4
8/8/2019 0:00,4
8/8/2019 1:00,4
8/8/2019 2:00,4
8/8/2019 3:00,4
8/8/2019 4:00,4
8/8/2019 5:00,4
8/8/2019 6:00,4
8/8/2019 7:00,4
8/8/2019 8:00,4
8/8/2019 9:00,4
8/8/2019 10:00,4
8/8/2019 11:00,4
8/8/2019 12:00,4
8/8/2019 13:00,4
8/8/2019 14:00,4
8/8/2019 15:00,4
8/8/2019 16:00,4
8/8/2019 17:00,4
8/8/2019 18:00,4
8/8/2019 19:00,4
8/8/2019 20:00,4
8/8/2019 21:00,4
8/8/2019 22:00,4
8/8/2019 23:00,4
8/9/2019 0:00,4
8/9/2019 1:00,4
8/9/2019 2:00,4
8/9/2019 3:00,4
8/9/2019 4:00,4
8/9/2019 5:00,5
8/9/2019 6:00,6
8/9/2019 7:00,6
8/9/2019 8:00,5
8/9/2019 9:00,4
8/9/2019 10:00,4
8/9/2019 11:00,4
8/9/2019 12:00,3
8/9/2019 13:00,3
8/9/2019 14:00,3
8/9/2019 15:00,2
8/9/2019 16:00,2
8/9/2019 17:00,2
8/9/2019 18:00,2
8/9/2019 19:00,2
8/9/2019 20:00,2
8/9/2019 21:00,2
8/9/2019 22:00,2
8/9/2019 23:00,2
8/10/2019 0:00,2
8/10/2019 1:00,2
8/10/2019 2:00,3
8/10/2019 3:00,3
8/10/2019 4:00,4
8/10/2019 5:00,4
8/10/2019 6:00,4
8/10/2019 7:00,4
8/10/2019 8:00,5
8/10/2019 9:00,5
8/10/2019 10:00,4
8/10/2019 11:00,4
8/10/2019 12:00,4
8/10/2019 13:00,4
8/10/2019 14:00,3
8/10/2019 15:00,3
8/10/2019 16:00,2
8/10/2019 17:00,2
8/10/2019 18:00,2
8/10/2019 19:00,2
8/10/2019 20:00,3
8/10/2019 21:00,4
8/10/2019 22:00,4
8/10/2019 23:00,4
8/11/2019 0:00,4
8/11/2019 1:00,4
8/11/2019 2:00,3
8/11/2019 3:00,3
8/11/2019 4:00,3
8/11/2019 5:00,3
8/11/2019 6:00,3
8/11/2019 7:00,3
8/11/2019 8:00,3
8/11/2019 9:00,3
8/11/2019 10:00,2
8/11/2019 11:00,2
8/11/2019 12:00,2
8/11/2019 13:00,2
8/11/2019 14:00,2
8/11/2019 15:00,2
8/11/2019 16:00,2
8/11/2019 17:00,2
8/11/2019 18:00,2
8/11/2019 19:00,3
8/11/2019 20:00,2
8/11/2019 21:00,2
8/11/2019 22:00,2
8/11/2019 23:00,2
8/12/2019 0:00,3
8/12/2019 1:00,3
8/12/2019 2:00,3
8/12/2019 3:00,3
8/12/2019 4:00,3
8/12/2019 5:00,3
8/12/2019 6:00,3
8/12/2019 7:00,3
8/12/2019 8:00,3
8/12/2019 9:00,3
8/12/2019 10:00,3
8/12/2019 11:00,3
8/12/2019 12:00,3
8/12/2019 13:00,2
8/12/2019 14:00,2
8/12/2019 15:00,2
8/12/2019 16:00,2
8/12/2019 17:00,2
8/12/2019 18:00,2
8/12/2019 19:00,2
8/12/2019 20:00,2
8/12/2019 21:00,2
8/12/2019 22:00,2
8/12/2019 23:00,2
8/13/2019 0:00,2
8/13/2019 1:00,2
8/13/2019 2:00,2
8/13/2019 3:00,2
8/13/2019 4:00,3
8/13/2019 5:00,2
8/13/2019 6:00,3
8/13/2019 7:00,2
8/13/2019 8:00,2
8/13/2019 9:00,2
8/13/2019 10:00,2
8/13/2019 11:00,2
8/13/2019 12:00,2
8/13/2019 13:00,2
8/13/2019 14:00,3
8/13/2019 15:00,3
8/13/2019 16:00,3
8/13/2019 17:00,3
8/13/2019 18:00,2
8/13/2019 19:00,3
8/13/2019 20:00,3
8/13/2019 21:00,3
8/13/2019 22:00,3
8/13/2019 23:00,3
8/14/2019 0:00,3
8/14/2019 1:00,3
8/14/2019 2:00,3
8/14/2019 3:00,3
8/14/2019 4:00,3
8/14/2019 5:00,3
8/14/2019 6:00,3
8/14/2019 7:00,3
8/14/2019 8:00,3
8/14/2019 9:00,3
8/14/2019 10:00,3
8/14/2019 11:00,3
8/14/2019 12:00,3
8/14/2019 13:00,3
8/14/2019 14:00,3
8/14/2019 15:00,3
8/14/2019 16:00,3
8/14/2019 17:00,3
8/14/2019 18:00,3
8/14/2019 19:00,3
8/14/2019 20:00,3
8/14/2019 21:00,3
8/14/2019 22:00,3
8/14/2019 23:00,3
8/15/2019 0:00,3
8/15/2019 1:00,3
8/15/2019 2:00,3
8/15/2019 3:00,3
8/15/2019 4:00,3
8/15/2019 5:00,3
8/15/2019 6:00,3
8/15/2019 7:00,4
8/15/2019 8:00,4
8/15/2019 9:00,4
8/15/2019 10:00,3
8/15/2019 11:00,3
8/15/2019 12:00,3
8/15/2019 13:00,3
8/15/2019 14:00,2
8/15/2019 15:00,2
8/15/2019 16:00,2
8/15/2019 17:00,2
8/15/2019 18:00,2
8/15/2019 19:00,2
8/15/2019 20:00,3
8/15/2019 21:00,3
8/15/2019 22:00,3
8/15/2019 23:00,3
8/16/2019 0:00,3
8/16/2019 1:00,3
8/16/2019 2:00,3
8/16/2019 3:00,3
8/16/2019 4:00,3
8/16/2019 5:00,3
8/16/2019 6:00,3
8/16/2019 7:00,2
8/16/2019 8:00,2
8/16/2019 9:00,2
8/16/2019 10:00,2
8/16/2019 11:00,2
8/16/2019 12:00,2
8/16/2019 13:00,2
8/16/2019 14:00,2
8/16/2019 15:00,2
8/16/2019 16:00,2
8/16/2019 17:00,2
8/16/2019 18:00,2
8/16/2019 19:00,2
8/16/2019 20:00,2
8/16/2019 21:00,2
8/16/2019 22:00,3
8/16/2019 23:00,2
8/17/2019 0:00,2
8/17/2019 1:00,4
8/17/2019 2:00,3
8/17/2019 3:00,3
8/17/2019 4:00,3
8/17/2019 5:00,3
8/17/2019 6:00,3
8/17/2019 7:00,2
8/17/2019 8:00,2
8/17/2019 9:00,2
8/17/2019 10:00,2
8/17/2019 11:00,2
8/17/2019 12:00,2
8/17/2019 13:00,2
8/17/2019 14:00,2
8/17/2019 15:00,2
8/17/2019 16:00,2
8/17/2019 17:00,2
8/17/2019 18:00,2
8/17/2019 19:00,2
8/17/2019 20:00,2
8/17/2019 21:00,2
8/17/2019 22:00,2
8/17/2019 23:00,2
8/18/2019 0:00,2
8/18/2019 1:00,2
8/18/2019 2:00,3
8/18/2019 3:00,4
8/18/2019 4:00,4
8/18/2019 5:00,3
8/18/2019 6:00,3
8/18/2019 7:00,2
8/18/2019 8:00,3
8/18/2019 9:00,3
8/18/2019 10:00,4
8/18/2019 11:00,4
8/18/2019 12:00,4
8/18/2019 13:00,4
8/18/2019 14:00,3
8/18/2019 15:00,4
8/18/2019 16:00,3
8/18/2019 17:00,3
8/18/2019 18:00,3
8/18/2019 19:00,3
8/18/2019 20:00,2
8/18/2019 21:00,2
8/18/2019 22:00,2
8/18/2019 23:00,2
8/19/2019 0:00,2
8/19/2019 1:00,2
8/19/2019 2:00,2
8/19/2019 3:00,2
8/19/2019 4:00,2
8/19/2019 5:00,2
8/19/2019 6:00,2
8/19/2019 7:00,2
8/19/2019 8:00,3
8/19/2019 9:00,3
8/19/2019 10:00,2
8/19/2019 11:00,2
8/19/2019 12:00,2
8/19/2019 13:00,2
8/19/2019 14:00,2
8/19/2019 15:00,2
8/19/2019 16:00,2
8/19/2019 17:00,2
8/19/2019 18:00,3
8/19/2019 19:00,3
8/19/2019 20:00,3
8/19/2019 21:00,3
8/19/2019 22:00,3
8/19/2019 23:00,4
8/20/2019 0:00,5
8/20/2019 1:00,4
8/20/2019 2:00,4
8/20/2019 3:00,4
8/20/2019 4:00,4
8/20/2019 5:00,3
8/20/2019 6:00,3
8/20/2019 7:00,3
8/20/2019 8:00,3
8/20/2019 9:00,3
8/20/2019 10:00,3
8/20/2019 11:00,3
8/20/2019 12:00,3
8/20/2019 13:00,3
8/20/2019 14:00,3
8/20/2019 15:00,3
8/20/2019 16:00,4
8/20/2019 17:00,3
8/20/2019 18:00,3
8/20/2019 19:00,3
8/20/2019 20:00,3
8/20/2019 21:00,3
8/20/2019 22:00,3
8/20/2019 23:00,3
8/21/2019 0:00,4
8/21/2019 1:00,4
8/21/2019 2:00,4
8/21/2019 3:00,4
8/21/2019 4:00,4
8/21/2019 5:00,4
8/21/2019 6:00,4
8/21/2019 7:00,4
8/21/2019 8:00,4
8/21/2019 9:00,4
8/21/2019 10:00,4
8/21/2019 11:00,4
8/21/2019 12:00,4
8/21/2019 13:00,3
8/21/2019 14:00,3
8/21/2019 15:00,3
8/21/2019 16:00,3
8/21/2019 17:00,3
8/21/2019 18:00,3
8/21/2019 19:00,3
8/21/2019 20:00,3
8/21/2019 21:00,3
8/21/2019 22:00,3
8/21/2019 23:00,3
8/22/2019 0:00,4
8/22/2019 1:00,4
8/22/2019 2:00,3
8/22/2019 3:00,3
8/22/2019 4:00,3
8/22/2019 5:00,3
8/22/2019 6:00,3
8/22/2019 7:00,3
8/22/2019 8:00,3
8/22/2019 9:00,3
8/22/2019 10:00,3
8/22/2019 11:00,3
8/22/2019 12:00,3
8/22/2019 13:00,3
8/22/2019 14:00,3
8/22/2019 15:00,3
8/22/2019 16:00,3
8/22/2019 17:00,3
8/22/2019 18:00,3
8/22/2019 19:00,3
8/22/2019 20:00,3
8/22/2019 21:00,3
8/22/2019 22:00,3
8/22/2019 23:00,3
8/23/2019 0:00,3
8/23/2019 1:00,3
8/23/2019 2:00,3
8/23/2019 3:00,3
8/23/2019 4:00,3
8/23/2019 5:00,3
8/23/2019 6:00,3
8/23/2019 7:00,3
8/23/2019 8:00,3
8/23/2019 9:00,3
8/23/2019 10:00,3
8/23/2019 11:00,3
8/23/2019 12:00,3
8/23/2019 13:00,3
8/23/2019 14:00,4
8/23/2019 15:00,4
8/23/2019 16:00,4
8/23/2019 17:00,4
8/23/2019 18:00,4
8/23/2019 19:00,3
8/23/2019 20:00,3
8/23/2019 21:00,3
8/23/2019 22:00,4
8/23/2019 23:00,4
8/24/2019 0:00,4
8/24/2019 1:00,4
8/24/2019 2:00,4
8/24/2019 3:00,4
8/24/2019 4:00,4
8/24/2019 5:00,4
8/24/2019 6:00,4
8/24/2019 7:00,4
8/24/2019 8:00,4
8/24/2019 9:00,4
8/24/2019 10:00,4
8/24/2019 11:00,4
8/24/2019 12:00,4
8/24/2019 13:00,4
8/24/2019 14:00,4
8/24/2019 15:00,4
8/24/2019 16:00,4
8/24/2019 17:00,3
8/24/2019 18:00,3
8/24/2019 19:00,4
8/24/2019 20:00,4
8/24/2019 21:00,4
8/24/2019 22:00,4
8/24/2019 23:00,4
8/25/2019 0:00,4
8/25/2019 1:00,4
8/25/2019 2:00,4
8/25/2019 3:00,4
8/25/2019 4:00,4
8/25/2019 5:00,4
8/25/2019 6:00,4
8/25/2019 7:00,4
8/25/2019 8:00,3
8/25/2019 9:00,3
8/25/2019 10:00,3
8/25/2019 11:00,3
8/25/2019 12:00,3
8/25/2019 13:00,3
8/25/2019 14:00,3
8/25/2019 15:00,3
8/25/2019 16:00,3
8/25/2019 17:00,3
8/25/2019 18:00,3
8/25/2019 19:00,3
8/25/2019 20:00,3
8/25/2019 21:00,3
8/25/2019 22:00,3
8/25/2019 23:00,3
8/26/2019 0:00,3
8/26/2019 1:00,4
8/26/2019 2:00,4
8/26/2019 3:00,3
8/26/2019 4:00,3
8/26/2019 5:00,3
8/26/2019 6:00,3
8/26/2019 7:00,3
8/26/2019 8:00,3
8/26/2019 9:00,3
8/26/2019 10:00,3
8/26/2019 11:00,3
8/26/2019 12:00,3
8/26/2019 13:00,3
8/26/2019 14:00,2
8/26/2019 15:00,2
8/26/2019 16:00,2
8/26/2019 17:00,2
8/26/2019 18:00,2
8/26/2019 19:00,3
8/26/2019 20:00,3
8/26/2019 21:00,3
8/26/2019 22:00,3
8/26/2019 23:00,3
8/27/2019 0:00,3
8/27/2019 1:00,2
8/27/2019 2:00,3
8/27/2019 3:00,4
8/27/2019 4:00,4
8/27/2019 5:00,4
8/27/2019 6:00,4
8/27/2019 7:00,4
8/27/2019 8:00,4
8/27/2019 9:00,4
8/27/2019 10:00,4
8/27/2019 11:00,4
8/27/2019 12:00,4
8/27/2019 13:00,4
8/27/2019 14:00,4
8/27/2019 15:00,4
8/27/2019 16:00,4
8/27/2019 17:00,4
8/27/2019 18:00,4
8/27/2019 19:00,4
8/27/2019 20:00,4
8/27/2019 21:00,4
8/27/2019 22:00,4
8/27/2019 23:00,4
8/28/2019 0:00,4
8/28/2019 1:00,4
8/28/2019 2:00,4
8/28/2019 3:00,4
8/28/2019 4:00,4
8/28/2019 5:00,4
8/28/2019 6:00,4
8/28/2019 7:00,4
8/28/2019 8:00,5
8/28/2019 9:00,6
8/28/2019 10:00,5
8/28/2019 11:00,5
8/28/2019 12:00,5
8/28/2019 13:00,4
8/28/2019 14:00,4
8/28/2019 15:00,4
8/28/2019 16:00,4
8/28/2019 17:00,4
8/28/2019 18:00,4
8/28/2019 19:00,4
8/28/2019 20:00,4
8/28/2019 21:00,4
8/28/2019 22:00,4
8/28/2019 23:00,4
8/29/2019 0:00,4
8/29/2019 1:00,4
8/29/2019 2:00,4
8/29/2019 3:00,4
8/29/2019 4:00,4
8/29/2019 5:00,4
8/29/2019 6:00,4
8/29/2019 7:00,4
8/29/2019 8:00,4
8/29/2019 9:00,4
8/29/2019 10:00,4
8/29/2019 11:00,4
8/29/2019 12:00,4
8/29/2019 13:00,4
8/29/2019 14:00,4
8/29/2019 15:00,4
8/29/2019 16:00,4
8/29/2019 17:00,4
8/29/2019 18:00,4
8/29/2019 19:00,4
8/29/2019 20:00,4
8/29/2019 21:00,4
8/29/2019 22:00,4
8/29/2019 23:00,4
8/30/2019 0:00,4
8/30/2019 1:00,4
8/30/2019 2:00,4
8/30/2019 3:00,4
8/30/2019 4:00,4
8/30/2019 5:00,4
8/30/2019 6:00,4
8/30/2019 7:00,4
8/30/2019 8:00,4
8/30/2019 9:00,4
8/30/2019 10:00,4
8/30/2019 11:00,3
8/30/2019 12:00,3
8/30/2019 13:00,3
8/30/2019 14:00,3
8/30/2019 15:00,3
8/30/2019 16:00,3
8/30/2019 17:00,4
8/30/2019 18:00,4
8/30/2019 19:00,4
8/30/2019 20:00,3
8/30/2019 21:00,4
8/30/2019 22:00,4
8/30/2019 23:00,4
8/31/2019 0:00,4
8/31/2019 1:00,4
8/31/2019 2:00,4
8/31/2019 3:00,4
8/31/2019 4:00,4
8/31/2019 5:00,4
8/31/2019 6:00,5
8/31/2019 7:00,5
8/31/2019 8:00,5
8/31/2019 9:00,4
8/31/2019 10:00,4
8/31/2019 11:00,4
8/31/2019 12:00,4
8/31/2019 13:00,4
8/31/2019 14:00,4
8/31/2019 15:00,4
8/31/2019 16:00,4
8/31/2019 17:00,4
8/31/2019 18:00,4
8/31/2019 19:00,4
8/31/2019 20:00,4
8/31/2019 21:00,4
8/31/2019 22:00,4
8/31/2019 23:00,4
9/1/2019 0:00,4
9/1/2019 1:00,4
9/1/2019 2:00,4
9/1/2019 3:00,4
9/1/2019 4:00,4
9/1/2019 5:00,4
9/1/2019 6:00,4
9/1/2019 7:00,4
9/1/2019 8:00,4
9/1/2019 9:00,4
9/1/2019 10:00,4
9/1/2019 11:00,4
9/1/2019 12:00,4
9/1/2019 13:00,4
9/1/2019 14:00,4
9/1/2019 15:00,4
9/1/2019 16:00,3
9/1/2019 17:00,3
9/1/2019 18:00,3
9/1/2019 19:00,3
9/1/2019 20:00,3
9/1/2019 21:00,2
9/1/2019 22:00,2
9/1/2019 23:00,3
9/2/2019 0:00,3
9/2/2019 1:00,4
9/2/2019 2:00,3
9/2/2019 3:00,3
9/2/2019 4:00,3
9/2/2019 5:00,2
9/2/2019 6:00,3
9/2/2019 7:00,5
9/2/2019 8:00,5
9/2/2019 9:00,6
9/2/2019 10:00,5
9/2/2019 11:00,4
9/2/2019 12:00,4
9/2/2019 13:00,4
9/2/2019 14:00,4
9/2/2019 15:00,3
9/2/2019 16:00,3
9/2/2019 17:00,3
9/2/2019 18:00,3
9/2/2019 19:00,4
9/2/2019 20:00,3
9/2/2019 21:00,4
9/2/2019 22:00,4
9/2/2019 23:00,4
9/3/2019 0:00,4
9/3/2019 1:00,4
9/3/2019 2:00,4
9/3/2019 3:00,4
9/3/2019 4:00,4
9/3/2019 5:00,4
9/3/2019 6:00,4
9/3/2019 7:00,4
9/3/2019 8:00,4
9/3/2019 9:00,4
9/3/2019 10:00,4
9/3/2019 11:00,4
9/3/2019 12:00,4
9/3/2019 13:00,4
9/3/2019 14:00,4
9/3/2019 15:00,4
9/3/2019 16:00,4
9/3/2019 17:00,4
9/3/2019 18:00,4
9/3/2019 19:00,4
9/3/2019 20:00,4
9/3/2019 21:00,4
9/3/2019 22:00,4
9/3/2019 23:00,4
9/4/2019 0:00,4
9/4/2019 1:00,4
9/4/2019 2:00,4
9/4/2019 3:00,4
9/4/2019 4:00,4
9/4/2019 5:00,4
9/4/2019 6:00,4
9/4/2019 7:00,4
9/4/2019 8:00,4
9/4/2019 9:00,5
9/4/2019 10:00,4
9/4/2019 11:00,4
9/4/2019 12:00,4
9/4/2019 13:00,4
9/4/2019 14:00,4
9/4/2019 15:00,4
9/4/2019 16:00,4
9/4/2019 17:00,4
9/4/2019 18:00,4
9/4/2019 19:00,4
9/4/2019 20:00,4
9/4/2019 21:00,4
9/4/2019 22:00,4
9/4/2019 23:00,4
9/5/2019 0:00,4
9/5/2019 1:00,4
9/5/2019 2:00,4
9/5/2019 3:00,4
9/5/2019 4:00,4
9/5/2019 5:00,3
9/5/2019 6:00,2
9/5/2019 7:00,2
9/5/2019 8:00,2
9/5/2019 9:00,2
9/5/2019 10:00,2
9/5/2019 11:00,2
9/5/2019 12:00,2
9/5/2019 13:00,2
9/5/2019 14:00,2
9/5/2019 15:00,2
9/5/2019 16:00,2
9/5/2019 17:00,3
9/5/2019 18:00,3
9/5/2019 19:00,2
9/5/2019 20:00,2
9/5/2019 21:00,3
9/5/2019 22:00,3
9/5/2019 23:00,3
9/6/2019 0:00,3
9/6/2019 1:00,3
9/6/2019 2:00,3
9/6/2019 3:00,3
9/6/2019 4:00,3
9/6/2019 5:00,2
9/6/2019 6:00,2
9/6/2019 7:00,2
9/6/2019 8:00,2
9/6/2019 9:00,3
9/6/2019 10:00,4
9/6/2019 11:00,4
9/6/2019 12:00,4
9/6/2019 13:00,4
9/6/2019 14:00,4
9/6/2019 15:00,4
9/6/2019 16:00,4
9/6/2019 17:00,4
9/6/2019 18:00,4
9/6/2019 19:00,4
9/6/2019 20:00,4
9/6/2019 21:00,4
9/6/2019 22:00,4
9/6/2019 23:00,4
9/7/2019 0:00,4
9/7/2019 1:00,4
9/7/2019 2:00,4
9/7/2019 3:00,4
9/7/2019 4:00,4
9/7/2019 5:00,4
9/7/2019 6:00,4
9/7/2019 7:00,4
9/7/2019 8:00,4
9/7/2019 9:00,4
9/7/2019 10:00,4
9/7/2019 11:00,3
9/7/2019 12:00,3
9/7/2019 13:00,2
9/7/2019 14:00,2
9/7/2019 15:00,3
9/7/2019 16:00,3
9/7/2019 17:00,3
9/7/2019 18:00,3
9/7/2019 19:00,3
9/7/2019 20:00,3
9/7/2019 21:00,3
9/7/2019 22:00,3
9/7/2019 23:00,4
9/8/2019 0:00,5
9/8/2019 1:00,4
9/8/2019 2:00,4
9/8/2019 3:00,4
9/8/2019 4:00,4
9/8/2019 5:00,4
9/8/2019 6:00,4
9/8/2019 7:00,4
9/8/2019 8:00,4
9/8/2019 9:00,4
9/8/2019 10:00,3
9/8/2019 11:00,3
9/8/2019 12:00,4
9/8/2019 13:00,4
9/8/2019 14:00,4
9/8/2019 15:00,4
9/8/2019 16:00,4
9/8/2019 17:00,4
9/8/2019 18:00,4
9/8/2019 19:00,4
9/8/2019 20:00,4
9/8/2019 21:00,4
9/8/2019 22:00,4
9/8/2019 23:00,4
9/9/2019 0:00,4
9/9/2019 1:00,4
9/9/2019 2:00,4
9/9/2019 3:00,4
9/9/2019 4:00,4
9/9/2019 5:00,6
9/9/2019 6:00,5
9/9/2019 7:00,4
9/9/2019 8:00,4
9/9/2019 9:00,4
9/9/2019 10:00,4
9/9/2019 11:00,4
9/9/2019 12:00,4
9/9/2019 13:00,4
9/9/2019 14:00,4
9/9/2019 15:00,4
9/9/2019 16:00,4
9/9/2019 17:00,4
9/9/2019 18:00,3
9/9/2019 19:00,4
9/9/2019 20:00,4
9/9/2019 21:00,4
9/9/2019 22:00,4
9/9/2019 23:00,4
9/10/2019 0:00,4
9/10/2019 1:00,4
9/10/2019 2:00,4
9/10/2019 3:00,4
9/10/2019 4:00,4
9/10/2019 5:00,4
9/10/2019 6:00,4
9/10/2019 7:00,4
9/10/2019 8:00,4
9/10/2019 9:00,4
9/10/2019 10:00,4
9/10/2019 11:00,4
9/10/2019 12:00,4
9/10/2019 13:00,4
9/10/2019 14:00,4
9/10/2019 15:00,4
9/10/2019 16:00,4
9/10/2019 17:00,3
9/10/2019 18:00,3
9/10/2019 19:00,3
9/10/2019 20:00,3
9/10/2019 21:00,3
9/10/2019 22:00,4
9/10/2019 23:00,4
9/11/2019 0:00,4
9/11/2019 1:00,4
9/11/2019 2:00,4
9/11/2019 3:00,4
9/11/2019 4:00,4
9/11/2019 5:00,4
9/11/2019 6:00,4
9/11/2019 7:00,4
9/11/2019 8:00,4
9/11/2019 9:00,4
9/11/2019 10:00,4
9/11/2019 11:00,4
9/11/2019 12:00,4
9/11/2019 13:00,4
9/11/2019 14:00,4
9/11/2019 15:00,4
9/11/2019 16:00,4
9/11/2019 17:00,4
9/11/2019 18:00,4
9/11/2019 19:00,4
9/11/2019 20:00,4
9/11/2019 21:00,4
9/11/2019 22:00,4
9/11/2019 23:00,4
9/12/2019 0:00,4
9/12/2019 1:00,4
9/12/2019 2:00,4
9/12/2019 3:00,4
9/12/2019 4:00,4
9/12/2019 5:00,4
9/12/2019 6:00,4
9/12/2019 7:00,4
9/12/2019 8:00,4
9/12/2019 9:00,4
9/12/2019 10:00,4
9/12/2019 11:00,4
9/12/2019 12:00,4
9/12/2019 13:00,4
9/12/2019 14:00,4
9/12/2019 15:00,4
9/12/2019 16:00,4
9/12/2019 17:00,4
9/12/2019 18:00,4
9/12/2019 19:00,4
9/12/2019 20:00,4
9/12/2019 21:00,4
9/12/2019 22:00,4
9/12/2019 23:00,4
9/13/2019 0:00,4
9/13/2019 1:00,4
9/13/2019 2:00,4
9/13/2019 3:00,4
9/13/2019 4:00,4
9/13/2019 5:00,4
9/13/2019 15:00,4
9/13/2019 16:00,4
9/13/2019 17:00,4
9/13/2019 18:00,4
9/13/2019 19:00,4
9/13/2019 20:00,4
9/13/2019 21:00,4
9/13/2019 22:00,4
9/13/2019 23:00,4
9/14/2019 0:00,4
9/14/2019 1:00,4
9/14/2019 2:00,4
9/14/2019 3:00,4
9/14/2019 4:00,4
9/14/2019 5:00,4
9/14/2019 6:00,4
9/14/2019 7:00,4
9/14/2019 8:00,4
9/14/2019 9:00,4
9/14/2019 10:00,4
9/14/2019 11:00,4
9/14/2019 12:00,4
9/14/2019 13:00,4
9/14/2019 14:00,4
9/14/2019 15:00,4
9/14/2019 16:00,4
9/14/2019 17:00,4
9/14/2019 18:00,4
9/14/2019 19:00,4
9/14/2019 20:00,4
9/14/2019 21:00,4
9/14/2019 22:00,4
9/14/2019 23:00,4
9/15/2019 0:00,4
9/15/2019 1:00,4
9/15/2019 2:00,4
9/15/2019 3:00,4
9/15/2019 4:00,4
9/15/2019 5:00,4
9/15/2019 6:00,4
9/15/2019 7:00,4
9/15/2019 8:00,4
9/15/2019 9:00,4
9/15/2019 10:00,4
9/15/2019 11:00,4
9/15/2019 12:00,4
9/15/2019 13:00,4
9/15/2019 14:00,4
9/15/2019 15:00,4
9/15/2019 16:00,4
9/15/2019 17:00,4
9/15/2019 18:00,4
9/15/2019 19:00,4
9/15/2019 20:00,4
9/15/2019 21:00,4
9/15/2019 22:00,4
9/15/2019 23:00,4
9/16/2019 0:00,4
9/16/2019 1:00,4
9/16/2019 2:00,4
9/16/2019 3:00,4
9/16/2019 4:00,4
9/16/2019 5:00,4
9/16/2019 6:00,4
9/16/2019 7:00,4
9/16/2019 8:00,4
9/16/2019 9:00,4
9/16/2019 10:00,4
9/16/2019 11:00,4
9/16/2019 12:00,4
9/16/2019 13:00,3
9/16/2019 14:00,4
9/16/2019 15:00,4
9/16/2019 16:00,3
9/16/2019 17:00,3
9/16/2019 18:00,3
9/16/2019 19:00,4
9/16/2019 20:00,3
9/16/2019 21:00,3
9/16/2019 22:00,3
9/16/2019 23:00,3
9/17/2019 0:00,3
9/17/2019 1:00,3
9/17/2019 2:00,3
9/17/2019 3:00,3
9/17/2019 4:00,3
9/17/2019 5:00,3
9/17/2019 6:00,3
9/17/2019 7:00,3
9/17/2019 8:00,3
9/17/2019 9:00,3
9/17/2019 10:00,4
9/17/2019 11:00,3
9/17/2019 12:00,3
9/17/2019 13:00,3
9/17/2019 14:00,3
9/17/2019 15:00,3
9/17/2019 16:00,3
9/17/2019 17:00,3
9/17/2019 18:00,4
9/17/2019 19:00,4
9/17/2019 20:00,4
9/17/2019 21:00,4
9/17/2019 22:00,4
9/17/2019 23:00,4
9/18/2019 0:00,4
9/18/2019 1:00,4
9/18/2019 2:00,4
9/18/2019 3:00,4
9/18/2019 4:00,4
9/18/2019 5:00,4
9/18/2019 6:00,4
9/18/2019 7:00,4
9/18/2019 8:00,4
9/18/2019 9:00,4
9/18/2019 10:00,4
9/18/2019 11:00,4
9/18/2019 12:00,4
9/18/2019 13:00,4
9/18/2019 14:00,4
9/18/2019 15:00,4
9/18/2019 16:00,4
9/18/2019 17:00,4
9/18/2019 18:00,4
9/18/2019 19:00,4
9/18/2019 20:00,4
9/18/2019 21:00,4
9/18/2019 22:00,4
9/18/2019 23:00,4
9/19/2019 0:00,4
9/19/2019 1:00,4
9/19/2019 2:00,4
9/19/2019 3:00,4
9/19/2019 4:00,3
9/19/2019 5:00,3
9/19/2019 6:00,3
9/19/2019 7:00,3
9/19/2019 8:00,3
9/19/2019 9:00,3
9/19/2019 10:00,3
9/19/2019 11:00,3
9/19/2019 12:00,3
9/19/2019 13:00,3
9/19/2019 14:00,3
9/19/2019 15:00,3
9/19/2019 16:00,3
9/19/2019 17:00,3
9/19/2019 18:00,3
9/19/2019 19:00,3
9/19/2019 20:00,3
9/19/2019 21:00,3
9/19/2019 22:00,3
9/19/2019 23:00,3
9/20/2019 0:00,3
9/20/2019 1:00,2
9/20/2019 2:00,2
9/20/2019 3:00,2
9/20/2019 4:00,2
9/20/2019 5:00,2
9/20/2019 6:00,2
9/20/2019 7:00,3
9/20/2019 8:00,3
9/20/2019 9:00,3
9/20/2019 10:00,3
9/20/2019 11:00,3
9/20/2019 12:00,3
9/20/2019 13:00,3
9/20/2019 14:00,3
9/20/2019 15:00,3
9/20/2019 16:00,3
9/20/2019 17:00,3
9/20/2019 18:00,3
9/20/2019 19:00,3
9/20/2019 20:00,4
9/20/2019 21:00,4
9/20/2019 22:00,4
9/20/2019 23:00,4
9/21/2019 0:00,4
9/21/2019 1:00,4
9/21/2019 2:00,4
9/21/2019 3:00,4
9/21/2019 4:00,4
9/21/2019 5:00,5
9/21/2019 6:00,5
9/21/2019 7:00,4
9/21/2019 8:00,4
9/21/2019 9:00,4
9/21/2019 10:00,5
9/21/2019 11:00,4
9/21/2019 12:00,4
9/21/2019 13:00,4
9/21/2019 14:00,4
9/21/2019 15:00,4
9/21/2019 16:00,4
9/21/2019 17:00,4
9/21/2019 18:00,4
9/21/2019 19:00,4
9/21/2019 20:00,4
9/21/2019 21:00,4
9/21/2019 22:00,4
9/21/2019 23:00,4
9/22/2019 0:00,4
9/22/2019 1:00,4
9/22/2019 2:00,4
9/22/2019 3:00,4
9/22/2019 4:00,4
9/22/2019 5:00,4
9/22/2019 6:00,4
9/22/2019 7:00,4
9/22/2019 8:00,4
9/22/2019 9:00,4
9/22/2019 10:00,4
9/22/2019 11:00,4
9/22/2019 12:00,4
9/22/2019 13:00,4
9/22/2019 14:00,4
9/22/2019 15:00,4
9/22/2019 16:00,4
9/22/2019 17:00,4
9/22/2019 18:00,4
9/22/2019 19:00,4
9/22/2019 20:00,4
9/22/2019 21:00,4
9/22/2019 22:00,4
9/22/2019 23:00,3
9/23/2019 0:00,3
9/23/2019 1:00,3
9/23/2019 2:00,3
9/23/2019 3:00,3
9/23/2019 4:00,3
9/23/2019 5:00,3
9/23/2019 6:00,3
9/23/2019 7:00,3
9/23/2019 8:00,3
9/23/2019 9:00,3
9/23/2019 10:00,3
9/23/2019 11:00,3
9/23/2019 12:00,3
9/23/2019 13:00,3
9/23/2019 14:00,3
9/23/2019 15:00,3
9/23/2019 16:00,3
9/23/2019 17:00,4
9/23/2019 18:00,4
9/23/2019 19:00,4
9/23/2019 20:00,4
9/23/2019 21:00,4
9/23/2019 22:00,4
9/23/2019 23:00,4
9/24/2019 0:00,4
9/24/2019 1:00,3
9/24/2019 2:00,3
9/24/2019 3:00,3
9/24/2019 4:00,3
9/24/2019 5:00,3
9/24/2019 6:00,3
9/24/2019 7:00,3
9/24/2019 8:00,3
9/24/2019 9:00,3
9/24/2019 10:00,3
9/24/2019 11:00,3
9/24/2019 12:00,3
9/24/2019 13:00,3
9/24/2019 14:00,3
9/24/2019 15:00,4
9/24/2019 16:00,4
9/24/2019 17:00,4
9/24/2019 18:00,4
9/24/2019 19:00,4
9/24/2019 20:00,4
9/24/2019 21:00,4
9/24/2019 22:00,4
9/24/2019 23:00,4
9/25/2019 0:00,4
9/25/2019 1:00,4
9/25/2019 2:00,4
9/25/2019 3:00,4
9/25/2019 4:00,4
9/25/2019 5:00,4
9/25/2019 6:00,3
9/25/2019 7:00,3
9/25/2019 8:00,3
9/25/2019 9:00,3
9/25/2019 10:00,4
9/25/2019 11:00,3
9/25/2019 12:00,3
9/25/2019 13:00,3
9/25/2019 14:00,3
9/25/2019 15:00,4
9/25/2019 16:00,4
9/25/2019 17:00,4
9/25/2019 18:00,4
9/25/2019 19:00,4
9/25/2019 20:00,4
9/25/2019 21:00,4
9/25/2019 22:00,4
9/25/2019 23:00,4
9/26/2019 0:00,4
9/26/2019 1:00,4
9/26/2019 2:00,4
9/26/2019 3:00,4
9/26/2019 4:00,4
9/26/2019 5:00,4
9/26/2019 6:00,4
9/26/2019 7:00,4
9/26/2019 8:00,4
9/26/2019 9:00,4
9/26/2019 10:00,4
9/26/2019 11:00,4
9/26/2019 12:00,4
9/26/2019 13:00,4
9/26/2019 14:00,4
9/26/2019 15:00,4
9/26/2019 16:00,4
9/26/2019 17:00,4
9/26/2019 18:00,4
9/26/2019 19:00,4
9/26/2019 20:00,4
9/26/2019 21:00,4
9/26/2019 22:00,4
9/26/2019 23:00,4
9/27/2019 0:00,4
9/27/2019 1:00,4
9/27/2019 2:00,4
9/27/2019 3:00,4
9/27/2019 4:00,4
9/27/2019 5:00,3
9/27/2019 6:00,3
9/27/2019 7:00,3
9/27/2019 8:00,3
9/27/2019 9:00,3
9/27/2019 10:00,4
9/27/2019 11:00,4
9/27/2019 12:00,3
9/27/2019 13:00,4
9/27/2019 14:00,4
9/27/2019 15:00,4
9/27/2019 16:00,4
9/27/2019 17:00,4
9/27/2019 18:00,4
9/27/2019 19:00,4
9/27/2019 20:00,4
9/27/2019 21:00,4
9/27/2019 22:00,4
9/27/2019 23:00,4
9/28/2019 0:00,4
9/28/2019 1:00,4
9/28/2019 2:00,4
9/28/2019 3:00,3
9/28/2019 4:00,3
9/28/2019 5:00,3
9/28/2019 6:00,3
9/28/2019 7:00,3
9/28/2019 8:00,3
9/28/2019 9:00,3
9/28/2019 10:00,3
9/28/2019 11:00,3
9/28/2019 12:00,2
9/28/2019 13:00,3
9/28/2019 14:00,3
9/28/2019 15:00,3
9/28/2019 16:00,3
9/28/2019 17:00,3
9/28/2019 18:00,4
9/28/2019 19:00,3
9/28/2019 20:00,2
9/28/2019 21:00,3
9/28/2019 22:00,3
9/28/2019 23:00,3
9/29/2019 0:00,3
9/29/2019 1:00,2
9/29/2019 2:00,2
9/29/2019 3:00,2
9/29/2019 4:00,2
9/29/2019 5:00,2
9/29/2019 6:00,2
9/29/2019 7:00,2
9/29/2019 8:00,2
9/29/2019 9:00,2
9/29/2019 10:00,3
9/29/2019 11:00,3
9/29/2019 12:00,3
9/29/2019 13:00,3
9/29/2019 14:00,3
9/29/2019 15:00,2
9/29/2019 16:00,2
9/29/2019 17:00,2
9/29/2019 18:00,2
9/29/2019 19:00,2
9/29/2019 20:00,2
9/29/2019 21:00,2
9/29/2019 22:00,2
9/29/2019 23:00,2
9/30/2019 0:00,2
9/30/2019 1:00,2
9/30/2019 2:00,2
9/30/2019 3:00,4
9/30/2019 4:00,5
9/30/2019 5:00,6
9/30/2019 6:00,5
9/30/2019 7:00,6
9/30/2019 8:00,6
9/30/2019 9:00,5
9/30/2019 10:00,5
9/30/2019 11:00,4
9/30/2019 12:00,4
9/30/2019 13:00,4
9/30/2019 14:00,4
9/30/2019 15:00,4
9/30/2019 16:00,3
9/30/2019 17:00,3
9/30/2019 18:00,3
9/30/2019 19:00,3
9/30/2019 20:00,4
9/30/2019 21:00,4
9/30/2019 22:00,4
9/30/2019 23:00,4
10/1/2019 0:00,4
10/1/2019 1:00,4
10/1/2019 2:00,4
10/1/2019 3:00,4
10/1/2019 4:00,4
10/1/2019 5:00,3
10/1/2019 6:00,3
10/1/2019 7:00,3
10/1/2019 8:00,4
10/1/2019 9:00,5
10/1/2019 10:00,4
10/1/2019 11:00,4
10/1/2019 12:00,3
10/1/2019 13:00,3
10/1/2019 14:00,3
10/1/2019 15:00,3
10/1/2019 16:00,2
10/1/2019 17:00,2
10/1/2019 18:00,2
10/1/2019 19:00,3
10/1/2019 20:00,4
10/1/2019 21:00,4
10/1/2019 22:00,4
10/1/2019 23:00,4
10/2/2019 0:00,4
10/2/2019 1:00,4
10/2/2019 2:00,4
10/2/2019 3:00,4
10/2/2019 4:00,4
10/2/2019 5:00,4
10/2/2019 6:00,4
10/2/2019 7:00,4
10/2/2019 8:00,6
10/2/2019 9:00,5
10/2/2019 10:00,4
10/2/2019 11:00,4
10/2/2019 12:00,4
10/2/2019 13:00,4
10/2/2019 14:00,4
10/2/2019 15:00,4
10/2/2019 16:00,4
10/2/2019 17:00,4
10/2/2019 18:00,3
10/2/2019 19:00,3
10/2/2019 20:00,4
10/2/2019 21:00,4
10/2/2019 22:00,4
10/2/2019 23:00,4
10/3/2019 0:00,4
10/3/2019 1:00,4
10/3/2019 2:00,4
10/3/2019 3:00,4
10/3/2019 4:00,4
10/3/2019 5:00,6
10/3/2019 6:00,6
10/3/2019 7:00,5
10/3/2019 8:00,4
10/3/2019 9:00,4
10/3/2019 10:00,4
10/3/2019 11:00,4
10/3/2019 12:00,3
10/3/2019 13:00,3
10/3/2019 14:00,3
10/3/2019 15:00,3
10/3/2019 16:00,4
10/3/2019 17:00,4
10/3/2019 18:00,3
10/3/2019 19:00,3
10/3/2019 20:00,3
10/3/2019 21:00,4
10/3/2019 22:00,4
10/3/2019 23:00,4
10/4/2019 0:00,4
10/4/2019 1:00,4
10/4/2019 2:00,4
10/4/2019 3:00,4
10/4/2019 4:00,4
10/4/2019 5:00,4
10/4/2019 6:00,5
10/4/2019 7:00,4
10/4/2019 8:00,5
10/4/2019 9:00,5
10/4/2019 10:00,4
10/4/2019 11:00,4
10/4/2019 12:00,4
10/4/2019 13:00,4
10/4/2019 14:00,4
10/4/2019 15:00,4
10/4/2019 16:00,4
10/4/2019 17:00,4
10/4/2019 18:00,4
10/4/2019 19:00,4
10/4/2019 20:00,4
10/4/2019 21:00,4
10/4/2019 22:00,4
10/4/2019 23:00,4
10/5/2019 0:00,4
10/5/2019 1:00,4
10/5/2019 2:00,4
10/5/2019 3:00,5
10/5/2019 4:00,5
10/5/2019 5:00,5
10/5/2019 6:00,5
10/5/2019 7:00,5
10/5/2019 8:00,5
10/5/2019 9:00,4
10/5/2019 10:00,5
10/5/2019 11:00,5
10/5/2019 12:00,5
10/5/2019 13:00,4
10/5/2019 14:00,4
10/5/2019 15:00,4
10/5/2019 16:00,4
10/5/2019 17:00,4
10/5/2019 18:00,4
10/5/2019 19:00,4
10/5/2019 20:00,4
10/5/2019 21:00,4
10/5/2019 22:00,4
10/5/2019 23:00,4
10/6/2019 0:00,4
10/6/2019 1:00,4
10/6/2019 2:00,4
10/6/2019 3:00,4
10/6/2019 4:00,4
10/6/2019 5:00,4
10/6/2019 6:00,4
10/6/2019 7:00,4
10/6/2019 8:00,4
10/6/2019 9:00,4
10/6/2019 10:00,4
10/6/2019 11:00,4
10/6/2019 12:00,4
10/6/2019 13:00,4
10/6/2019 14:00,4
10/6/2019 15:00,4
10/6/2019 16:00,4
10/6/2019 17:00,4
10/6/2019 18:00,4
10/6/2019 19:00,4
10/6/2019 20:00,4
10/6/2019 21:00,4
10/6/2019 22:00,4
10/6/2019 23:00,4
10/7/2019 0:00,4
10/7/2019 1:00,4
10/7/2019 2:00,4
10/7/2019 3:00,4
10/7/2019 4:00,3
10/7/2019 5:00,3
10/7/2019 6:00,3
10/7/2019 7:00,3
10/7/2019 8:00,4
10/7/2019 9:00,4
10/7/2019 10:00,4
10/7/2019 11:00,4
10/7/2019 12:00,4
10/7/2019 13:00,4
10/7/2019 14:00,4
10/7/2019 15:00,3
10/7/2019 16:00,3
10/7/2019 17:00,3
10/7/2019 18:00,3
10/7/2019 19:00,3
10/7/2019 20:00,3
10/7/2019 21:00,4
10/7/2019 22:00,4
10/7/2019 23:00,4
10/8/2019 0:00,4
10/8/2019 1:00,4
10/8/2019 2:00,4
10/8/2019 3:00,4
10/8/2019 4:00,4
10/8/2019 5:00,4
10/8/2019 6:00,4
10/8/2019 7:00,4
10/8/2019 8:00,4
10/8/2019 9:00,4
10/8/2019 10:00,4
10/8/2019 11:00,4
10/8/2019 12:00,4
10/8/2019 13:00,3
10/8/2019 14:00,3
10/8/2019 15:00,3
10/8/2019 16:00,3
10/8/2019 17:00,3
10/8/2019 18:00,3
10/8/2019 19:00,3
10/8/2019 20:00,4
10/8/2019 21:00,4
10/8/2019 22:00,4
10/8/2019 23:00,4
10/9/2019 0:00,4
10/9/2019 1:00,4
10/9/2019 2:00,4
10/9/2019 3:00,4
10/9/2019 4:00,4
10/9/2019 5:00,5
10/9/2019 6:00,5
10/9/2019 7:00,5
10/9/2019 8:00,5
10/9/2019 9:00,4
10/9/2019 10:00,5
10/9/2019 11:00,4
10/9/2019 12:00,4
10/9/2019 13:00,4
10/9/2019 14:00,4
10/9/2019 15:00,4
10/9/2019 19:00,4
10/9/2019 20:00,4
10/9/2019 21:00,4
10/9/2019 22:00,4
10/9/2019 23:00,4
10/10/2019 0:00,4
10/10/2019 1:00,5
10/10/2019 2:00,4
10/10/2019 3:00,5
10/10/2019 4:00,4
10/10/2019 5:00,4
10/10/2019 6:00,4
10/10/2019 7:00,4
10/10/2019 8:00,4
10/10/2019 9:00,4
10/10/2019 10:00,4
10/10/2019 11:00,4
10/10/2019 12:00,4
10/10/2019 13:00,4
10/10/2019 14:00,4
10/10/2019 15:00,4
10/10/2019 16:00,4
10/10/2019 17:00,4
10/10/2019 18:00,4
10/10/2019 19:00,4
10/10/2019 20:00,4
10/10/2019 21:00,4
10/10/2019 22:00,4
10/10/2019 23:00,5
10/11/2019 0:00,5
10/11/2019 1:00,5
10/11/2019 2:00,5
10/11/2019 3:00,5
10/11/2019 4:00,5
10/11/2019 5:00,5
10/11/2019 6:00,4
10/11/2019 7:00,4
10/11/2019 8:00,4
10/11/2019 9:00,4
10/11/2019 10:00,4
10/11/2019 11:00,4
10/11/2019 12:00,4
10/11/2019 13:00,4
10/11/2019 14:00,4
10/11/2019 15:00,4
10/11/2019 16:00,3
10/11/2019 17:00,3
10/11/2019 18:00,3
10/11/2019 19:00,4
10/11/2019 20:00,4
10/11/2019 21:00,4
10/11/2019 22:00,4
10/11/2019 23:00,5
10/12/2019 0:00,5
10/12/2019 1:00,5
10/12/2019 2:00,5
10/12/2019 3:00,5
10/12/2019 4:00,5
10/12/2019 5:00,5
10/12/2019 6:00,5
10/12/2019 7:00,5
10/12/2019 8:00,5
10/12/2019 9:00,5
10/12/2019 10:00,5
10/12/2019 11:00,5
10/12/2019 12:00,5
10/12/2019 13:00,4
10/12/2019 14:00,4
10/12/2019 15:00,4
10/12/2019 16:00,4
10/12/2019 17:00,4
10/12/2019 18:00,4
10/12/2019 19:00,4
10/12/2019 20:00,4
10/12/2019 21:00,4
10/12/2019 22:00,4
10/12/2019 23:00,4
10/13/2019 0:00,5
10/13/2019 1:00,5
10/13/2019 2:00,5
10/13/2019 3:00,5
10/13/2019 4:00,5
10/13/2019 5:00,5
10/13/2019 6:00,5
10/13/2019 7:00,5
10/13/2019 8:00,5
10/13/2019 9:00,5
10/13/2019 10:00,5
10/13/2019 11:00,5
10/13/2019 12:00,4
10/13/2019 13:00,4
10/13/2019 14:00,4
10/13/2019 15:00,4
10/13/2019 16:00,4
10/13/2019 17:00,4
10/13/2019 18:00,4
10/13/2019 19:00,4
10/13/2019 20:00,4
10/13/2019 21:00,4
10/13/2019 22:00,4
10/13/2019 23:00,4
10/14/2019 0:00,5
10/14/2019 1:00,5
10/14/2019 2:00,5
10/14/2019 3:00,5
10/14/2019 4:00,5
10/14/2019 5:00,5
10/14/2019 6:00,5
10/14/2019 7:00,5
10/14/2019 8:00,5
10/14/2019 9:00,5
10/14/2019 10:00,5
10/14/2019 11:00,5
10/14/2019 12:00,4
10/14/2019 13:00,4
10/14/2019 14:00,4
10/14/2019 15:00,4
10/14/2019 16:00,4
10/14/2019 17:00,4
10/14/2019 18:00,4
10/14/2019 19:00,4
10/14/2019 20:00,4
10/14/2019 21:00,4
10/14/2019 22:00,5
10/14/2019 23:00,5
10/15/2019 0:00,4
10/15/2019 1:00,4
10/15/2019 2:00,4
10/15/2019 3:00,4
10/15/2019 4:00,4
10/15/2019 5:00,4
10/15/2019 6:00,4
10/15/2019 7:00,4
10/15/2019 8:00,4
10/15/2019 9:00,4
10/15/2019 10:00,4
10/15/2019 11:00,4
10/15/2019 12:00,4
10/15/2019 13:00,4
10/15/2019 14:00,4
10/15/2019 15:00,4
10/15/2019 16:00,4
10/15/2019 17:00,4
10/15/2019 18:00,4
10/15/2019 19:00,4
10/15/2019 20:00,4
10/15/2019 21:00,4
10/15/2019 22:00,5
10/15/2019 23:00,5
10/16/2019 0:00,5
10/16/2019 1:00,5
10/16/2019 2:00,5
10/16/2019 3:00,5
10/16/2019 4:00,5
10/16/2019 5:00,5
10/16/2019 6:00,5
10/16/2019 7:00,5
10/16/2019 8:00,5
10/16/2019 9:00,5
10/16/2019 10:00,5
10/16/2019 11:00,5
10/16/2019 12:00,4
10/16/2019 13:00,4
10/16/2019 14:00,4
10/16/2019 15:00,4
10/16/2019 16:00,4
10/16/2019 17:00,4
10/16/2019 18:00,4
10/16/2019 19:00,4
10/16/2019 20:00,4
10/16/2019 21:00,5
10/16/2019 22:00,5
10/16/2019 23:00,5
10/17/2019 0:00,5
10/17/2019 1:00,5
10/17/2019 2:00,5
10/17/2019 3:00,5
10/17/2019 4:00,5
10/17/2019 5:00,5
10/17/2019 6:00,5
10/17/2019 7:00,5
10/17/2019 8:00,5
10/17/2019 9:00,5
10/17/2019 10:00,5
10/17/2019 11:00,5
10/17/2019 12:00,5
10/17/2019 13:00,5
10/17/2019 14:00,4
10/17/2019 15:00,4
10/17/2019 16:00,4
10/17/2019 17:00,4
10/17/2019 18:00,4
10/17/2019 19:00,5
10/17/2019 20:00,5
10/17/2019 21:00,5
10/17/2019 22:00,6
10/17/2019 23:00,6
10/18/2019 0:00,6
10/18/2019 1:00,5
10/18/2019 2:00,4
10/18/2019 3:00,4
10/18/2019 4:00,4
10/18/2019 5:00,4
10/18/2019 6:00,4
10/18/2019 7:00,4
10/18/2019 8:00,4
10/18/2019 9:00,3
10/18/2019 10:00,4
10/18/2019 11:00,3
10/18/2019 12:00,3
10/18/2019 13:00,3
10/18/2019 14:00,3
10/18/2019 15:00,3
10/18/2019 16:00,4
10/18/2019 17:00,4
10/18/2019 18:00,4
10/18/2019 19:00,3
10/18/2019 20:00,4
10/18/2019 21:00,4
10/18/2019 22:00,4
10/18/2019 23:00,4
10/19/2019 0:00,4
10/19/2019 1:00,4
10/19/2019 2:00,4
10/19/2019 3:00,4
10/19/2019 4:00,4
10/19/2019 5:00,4
10/19/2019 6:00,4
10/19/2019 7:00,4
10/19/2019 8:00,4
10/19/2019 9:00,4
10/19/2019 10:00,4
10/19/2019 11:00,4
10/19/2019 12:00,4
10/19/2019 13:00,4
10/19/2019 14:00,4
10/19/2019 15:00,4
10/19/2019 16:00,3
10/19/2019 17:00,3
10/19/2019 18:00,3
10/19/2019 19:00,3
10/19/2019 20:00,4
10/19/2019 21:00,4
10/19/2019 22:00,4
10/19/2019 23:00,4
10/20/2019 0:00,4
10/20/2019 1:00,4
10/20/2019 2:00,5
10/20/2019 3:00,5
10/20/2019 4:00,5
10/20/2019 5:00,5
10/20/2019 6:00,4
10/20/2019 7:00,4
10/20/2019 8:00,4
10/20/2019 9:00,4
10/20/2019 10:00,4
10/20/2019 11:00,4
10/20/2019 12:00,3
10/20/2019 13:00,4
10/20/2019 14:00,4
10/20/2019 15:00,3
10/20/2019 16:00,3
10/20/2019 17:00,3
10/20/2019 18:00,3
10/20/2019 19:00,3
10/20/2019 20:00,4
10/20/2019 21:00,4
10/20/2019 22:00,4
10/20/2019 23:00,4
10/21/2019 0:00,4
10/21/2019 1:00,4
10/21/2019 2:00,4
10/21/2019 3:00,4
10/21/2019 4:00,4
10/21/2019 5:00,4
10/21/2019 6:00,4
10/21/2019 7:00,5
10/21/2019 8:00,5
10/21/2019 9:00,5
10/21/2019 10:00,5
10/21/2019 11:00,4
10/21/2019 12:00,4
10/21/2019 13:00,5
10/21/2019 14:00,4
10/21/2019 15:00,4
10/21/2019 16:00,4
10/21/2019 17:00,4
10/21/2019 18:00,4
10/21/2019 19:00,4
10/21/2019 20:00,4
10/21/2019 21:00,4
10/21/2019 22:00,4
10/21/2019 23:00,4
10/22/2019 0:00,4
10/22/2019 1:00,5
10/22/2019 2:00,5
10/22/2019 3:00,5
10/22/2019 4:00,5
10/22/2019 5:00,4
10/22/2019 6:00,4
10/22/2019 7:00,5
10/22/2019 8:00,5
10/22/2019 9:00,5
10/22/2019 10:00,5
10/22/2019 11:00,4
10/22/2019 12:00,4
10/22/2019 13:00,4
10/22/2019 14:00,4
10/22/2019 15:00,4
10/22/2019 16:00,4
10/22/2019 17:00,4
10/22/2019 18:00,4
10/22/2019 19:00,4
10/22/2019 20:00,4
10/22/2019 21:00,4
10/22/2019 22:00,4
10/22/2019 23:00,4
10/23/2019 0:00,4
10/23/2019 1:00,5
10/23/2019 2:00,5
10/23/2019 3:00,5
10/23/2019 4:00,5
10/23/2019 5:00,5
10/23/2019 6:00,5
10/23/2019 7:00,5
10/23/2019 8:00,5
10/23/2019 9:00,5
10/23/2019 10:00,5
10/23/2019 11:00,5
10/23/2019 12:00,4
10/23/2019 13:00,4
10/23/2019 14:00,4
10/23/2019 15:00,4
10/23/2019 16:00,4
10/23/2019 17:00,4
10/23/2019 18:00,4
10/23/2019 19:00,4
10/23/2019 20:00,5
10/23/2019 21:00,5
10/23/2019 22:00,5
10/23/2019 23:00,5
10/24/2019 0:00,5
10/24/2019 1:00,5
10/24/2019 2:00,5
10/24/2019 3:00,5
10/24/2019 4:00,5
10/24/2019 5:00,5
10/24/2019 6:00,6
10/24/2019 7:00,6
10/24/2019 8:00,6
10/24/2019 9:00,6
10/24/2019 10:00,6
10/24/2019 11:00,6
10/24/2019 12:00,4
10/24/2019 13:00,4
10/24/2019 14:00,4
10/24/2019 15:00,4
10/24/2019 16:00,4
10/24/2019 17:00,4
10/24/2019 18:00,4
10/24/2019 19:00,4
10/24/2019 20:00,4
10/24/2019 21:00,5
10/24/2019 22:00,5
10/24/2019 23:00,6
10/25/2019 0:00,6
10/25/2019 1:00,6
10/25/2019 2:00,6
10/25/2019 3:00,6
10/25/2019 4:00,6
10/25/2019 5:00,6
10/25/2019 6:00,6
10/25/2019 7:00,6
10/25/2019 8:00,6
10/25/2019 9:00,5
10/25/2019 10:00,5
10/25/2019 11:00,4
10/25/2019 12:00,4
10/25/2019 13:00,4
10/25/2019 14:00,4
10/25/2019 15:00,4
10/25/2019 16:00,4
10/25/2019 17:00,4
10/25/2019 18:00,4
10/25/2019 19:00,4
10/25/2019 20:00,5
10/25/2019 21:00,5
10/25/2019 22:00,5
10/25/2019 23:00,5
10/26/2019 0:00,5
10/26/2019 1:00,5
10/26/2019 2:00,5
10/26/2019 3:00,6
10/26/2019 4:00,6
10/26/2019 5:00,6
10/26/2019 6:00,6
10/26/2019 7:00,6
10/26/2019 8:00,6
10/26/2019 9:00,6
10/26/2019 10:00,6
10/26/2019 11:00,5
10/26/2019 12:00,5
10/26/2019 13:00,5
10/26/2019 14:00,5
10/26/2019 15:00,4
10/26/2019 16:00,4
10/26/2019 17:00,4
10/26/2019 18:00,4
10/26/2019 19:00,4
10/26/2019 20:00,5
10/26/2019 21:00,5
10/26/2019 22:00,5
10/26/2019 23:00,5
10/27/2019 0:00,6
10/27/2019 1:00,6
10/27/2019 2:00,6
10/27/2019 3:00,6
10/27/2019 4:00,6
10/27/2019 5:00,6
10/27/2019 6:00,6
10/27/2019 7:00,6
10/27/2019 8:00,6
10/27/2019 9:00,6
10/27/2019 10:00,5
10/27/2019 11:00,5
10/27/2019 12:00,5
10/27/2019 13:00,4
10/27/2019 14:00,4
10/27/2019 15:00,4
10/27/2019 16:00,4
10/27/2019 17:00,4
10/27/2019 18:00,4
10/27/2019 19:00,4
10/27/2019 20:00,4
10/27/2019 21:00,5
10/27/2019 22:00,5
10/27/2019 23:00,5
10/28/2019 0:00,5
10/28/2019 1:00,5
10/28/2019 2:00,5
10/28/2019 3:00,5
10/28/2019 4:00,6
10/28/2019 5:00,6
10/28/2019 6:00,6
10/28/2019 7:00,6
10/28/2019 8:00,6
10/28/2019 9:00,6
10/28/2019 10:00,6
10/28/2019 11:00,6
10/28/2019 12:00,6
10/28/2019 13:00,6
10/28/2019 14:00,5
10/28/2019 15:00,5
10/28/2019 16:00,5
10/28/2019 17:00,5
10/28/2019 18:00,5
10/28/2019 19:00,5
10/28/2019 20:00,5
10/28/2019 21:00,5
10/28/2019 22:00,6
10/28/2019 23:00,6
10/29/2019 0:00,6
10/29/2019 1:00,6
10/29/2019 2:00,6
10/29/2019 3:00,6
10/29/2019 4:00,6
10/29/2019 5:00,6
10/29/2019 6:00,6
10/29/2019 7:00,6
10/29/2019 8:00,6
10/29/2019 9:00,6
10/29/2019 10:00,6
10/29/2019 11:00,6
10/29/2019 12:00,6
10/29/2019 13:00,6
10/29/2019 14:00,5
10/29/2019 15:00,5
10/29/2019 16:00,4
10/29/2019 17:00,4
10/29/2019 18:00,5
10/29/2019 19:00,5
10/29/2019 20:00,5
10/29/2019 21:00,5
10/29/2019 22:00,5
10/29/2019 23:00,6
10/30/2019 0:00,6
10/30/2019 1:00,6
10/30/2019 2:00,6
10/30/2019 3:00,6
10/30/2019 4:00,6
10/30/2019 5:00,6
10/30/2019 6:00,6
10/30/2019 7:00,6
10/30/2019 8:00,6
10/30/2019 9:00,6
10/30/2019 10:00,6
10/30/2019 11:00,6
10/30/2019 12:00,6
10/30/2019 13:00,6
10/30/2019 14:00,6
10/30/2019 15:00,6
10/30/2019 16:00,6
10/30/2019 17:00,5
10/30/2019 18:00,5
10/30/2019 19:00,5
10/30/2019 20:00,5
10/30/2019 21:00,5
10/30/2019 22:00,6
10/30/2019 23:00,6
10/31/2019 0:00,6
10/31/2019 1:00,6
10/31/2019 2:00,6
10/31/2019 3:00,6
10/31/2019 4:00,6
10/31/2019 5:00,6
10/31/2019 6:00,6
10/31/2019 7:00,6
10/31/2019 8:00,6
10/31/2019 9:00,6
10/31/2019 10:00,6
10/31/2019 11:00,6
10/31/2019 12:00,6
10/31/2019 13:00,5
10/31/2019 14:00,5
10/31/2019 15:00,5
10/31/2019 16:00,4
10/31/2019 17:00,4
10/31/2019 18:00,4
10/31/2019 19:00,5
10/31/2019 20:00,5
10/31/2019 21:00,5
10/31/2019 22:00,6
10/31/2019 23:00,6
11/1/2019 0:00,6
11/1/2019 1:00,6
11/1/2019 2:00,6
11/1/2019 3:00,6
11/1/2019 4:00,6
11/1/2019 5:00,6
11/1/2019 6:00,6
11/1/2019 7:00,6
11/1/2019 8:00,6
11/1/2019 9:00,6
11/1/2019 10:00,6
11/1/2019 11:00,6
11/1/2019 12:00,6
11/1/2019 13:00,6
11/1/2019 14:00,6
11/1/2019 15:00,6
11/1/2019 16:00,6
11/1/2019 17:00,6
11/1/2019 18:00,6
11/1/2019 19:00,6
11/1/2019 20:00,6
11/1/2019 21:00,6
11/1/2019 22:00,6
11/1/2019 23:00,6
11/2/2019 0:00,6
11/2/2019 1:00,6
11/2/2019 2:00,6
11/2/2019 3:00,6
11/2/2019 4:00,6
11/2/2019 5:00,6
11/2/2019 6:00,6
11/2/2019 7:00,6
11/2/2019 8:00,5
11/2/2019 9:00,5
11/2/2019 10:00,5
11/2/2019 11:00,4
11/2/2019 12:00,4
11/2/2019 13:00,4
11/2/2019 14:00,4
11/2/2019 15:00,4
11/2/2019 16:00,4
11/2/2019 17:00,4
11/2/2019 18:00,4
11/2/2019 19:00,4
11/2/2019 20:00,5
11/2/2019 21:00,5
11/2/2019 22:00,5
11/2/2019 23:00,5
11/3/2019 0:00,5
11/3/2019 1:00,6
11/3/2019 2:00,6
11/3/2019 3:00,6
11/3/2019 4:00,6
11/3/2019 5:00,6
11/3/2019 6:00,6
11/3/2019 7:00,6
11/3/2019 8:00,6
11/3/2019 9:00,6
11/3/2019 10:00,5
11/3/2019 11:00,5
11/3/2019 12:00,5
11/3/2019 13:00,4
11/3/2019 14:00,4
11/3/2019 15:00,4
11/3/2019 16:00,4
11/3/2019 17:00,4
11/3/2019 18:00,4
11/3/2019 19:00,4
11/3/2019 20:00,4
11/3/2019 21:00,4
11/3/2019 22:00,5
11/3/2019 23:00,5
11/4/2019 0:00,5
11/4/2019 1:00,5
11/4/2019 2:00,5
11/4/2019 3:00,5
11/4/2019 4:00,5
11/4/2019 5:00,6
11/4/2019 6:00,6
11/4/2019 7:00,6
11/4/2019 8:00,6
11/4/2019 9:00,6
11/4/2019 10:00,6
11/4/2019 11:00,5
11/4/2019 12:00,4
11/4/2019 13:00,4
11/4/2019 14:00,4
11/4/2019 15:00,4
11/4/2019 16:00,4
11/4/2019 17:00,4
11/4/2019 18:00,4
11/4/2019 19:00,4
11/4/2019 20:00,4
11/4/2019 21:00,5
11/4/2019 22:00,5
11/4/2019 23:00,5
11/5/2019 0:00,5
11/5/2019 1:00,4
11/5/2019 2:00,4
11/5/2019 3:00,4
11/5/2019 4:00,4
11/5/2019 5:00,5
11/5/2019 6:00,5
11/5/2019 7:00,5
11/5/2019 8:00,5
11/5/2019 9:00,5
11/5/2019 10:00,5
11/5/2019 11:00,5
11/5/2019 12:00,5
11/5/2019 13:00,4
11/5/2019 14:00,4
11/5/2019 15:00,4
11/5/2019 16:00,4
11/5/2019 17:00,4
11/5/2019 18:00,4
11/5/2019 19:00,4
11/5/2019 20:00,4
11/5/2019 21:00,4
11/5/2019 22:00,5
11/5/2019 23:00,5
11/6/2019 0:00,5
11/6/2019 1:00,5
11/6/2019 2:00,5
11/6/2019 3:00,5
11/6/2019 4:00,5
11/6/2019 5:00,5
11/6/2019 6:00,5
11/6/2019 7:00,5
11/6/2019 8:00,5
11/6/2019 9:00,5
11/6/2019 10:00,5
11/6/2019 11:00,5
11/6/2019 12:00,5
11/6/2019 13:00,5
11/6/2019 14:00,4
11/6/2019 15:00,4
11/6/2019 16:00,4
11/6/2019 17:00,4
11/6/2019 18:00,4
11/6/2019 19:00,5
11/6/2019 20:00,6
11/6/2019 21:00,6
11/6/2019 22:00,6
11/6/2019 23:00,6
11/7/2019 0:00,6
11/7/2019 1:00,5
11/7/2019 2:00,4
11/7/2019 3:00,4
11/7/2019 4:00,4
11/7/2019 5:00,3
11/7/2019 6:00,4
11/7/2019 7:00,4
11/7/2019 8:00,3
11/7/2019 9:00,3
11/7/2019 10:00,3
11/7/2019 11:00,3
11/7/2019 12:00,3
11/7/2019 13:00,3
11/7/2019 14:00,3
11/7/2019 15:00,4
11/7/2019 16:00,4
11/7/2019 17:00,4
11/7/2019 18:00,3
11/7/2019 19:00,3
11/7/2019 20:00,3
11/7/2019 21:00,3
11/7/2019 22:00,3
11/7/2019 23:00,3
11/8/2019 0:00,3
11/8/2019 1:00,4
11/8/2019 2:00,4
11/8/2019 3:00,4
11/8/2019 4:00,3
11/8/2019 5:00,3
11/8/2019 6:00,3
11/8/2019 7:00,4
11/8/2019 8:00,4
11/8/2019 9:00,4
11/8/2019 10:00,4
11/8/2019 11:00,4
11/8/2019 12:00,4
11/8/2019 13:00,4
11/8/2019 14:00,4
11/8/2019 15:00,4
11/8/2019 16:00,4
11/8/2019 17:00,4
11/8/2019 18:00,4
11/8/2019 19:00,4
11/8/2019 20:00,4
11/8/2019 21:00,4
11/8/2019 22:00,4
11/8/2019 23:00,4
11/9/2019 0:00,5
11/9/2019 1:00,5
11/9/2019 2:00,5
11/9/2019 3:00,5
11/9/2019 4:00,4
11/9/2019 5:00,4
11/9/2019 6:00,4
11/9/2019 7:00,4
11/9/2019 8:00,4
11/9/2019 9:00,5
11/9/2019 10:00,5
11/9/2019 11:00,5
11/9/2019 12:00,5
11/9/2019 13:00,5
11/9/2019 14:00,4
11/9/2019 15:00,4
11/9/2019 16:00,4
11/9/2019 17:00,4
11/9/2019 18:00,4
11/9/2019 19:00,4
11/9/2019 20:00,4
11/9/2019 21:00,4
11/9/2019 22:00,4
11/9/2019 23:00,4
11/10/2019 0:00,4
11/10/2019 1:00,5
11/10/2019 2:00,5
11/10/2019 3:00,4
11/10/2019 4:00,4
11/10/2019 5:00,4
11/10/2019 6:00,4
11/10/2019 7:00,4
11/10/2019 8:00,4
11/10/2019 9:00,4
11/10/2019 10:00,4
11/10/2019 11:00,4
11/10/2019 12:00,4
11/10/2019 13:00,4
11/10/2019 14:00,4
11/10/2019 15:00,4
11/10/2019 16:00,4
11/10/2019 17:00,4
11/10/2019 18:00,4
11/10/2019 19:00,4
11/10/2019 20:00,4
11/10/2019 21:00,4
11/10/2019 22:00,4
11/10/2019 23:00,4
11/11/2019 0:00,5
11/11/2019 1:00,5
11/11/2019 2:00,5
11/11/2019 3:00,5
11/11/2019 4:00,5
11/11/2019 5:00,5
11/11/2019 6:00,5
11/11/2019 7:00,5
11/11/2019 8:00,5
11/11/2019 9:00,5
11/11/2019 10:00,5
11/11/2019 11:00,4
11/11/2019 12:00,4
11/11/2019 13:00,4
11/11/2019 14:00,4
11/11/2019 15:00,4
11/11/2019 16:00,4
11/11/2019 17:00,4
11/11/2019 18:00,4
11/11/2019 19:00,4
11/11/2019 20:00,4
11/11/2019 21:00,4
11/11/2019 22:00,4
11/11/2019 23:00,5
11/12/2019 0:00,5
11/12/2019 1:00,5
11/12/2019 2:00,5
11/12/2019 3:00,5
11/12/2019 4:00,5
11/12/2019 5:00,5
11/12/2019 6:00,5
11/12/2019 7:00,5
11/12/2019 8:00,5
11/12/2019 9:00,6
11/12/2019 10:00,6
11/12/2019 11:00,6
11/12/2019 12:00,5
11/12/2019 13:00,5
11/12/2019 14:00,5
11/12/2019 15:00,5
11/12/2019 16:00,5
11/12/2019 17:00,5
11/12/2019 18:00,5
11/12/2019 19:00,5
11/12/2019 20:00,5
11/12/2019 21:00,6
11/12/2019 22:00,6
11/12/2019 23:00,6
11/13/2019 0:00,6
11/13/2019 1:00,6
11/13/2019 2:00,6
11/13/2019 3:00,6
11/13/2019 4:00,6
11/13/2019 5:00,6
11/13/2019 6:00,6
11/13/2019 7:00,6
11/13/2019 8:00,6
11/13/2019 9:00,6
11/13/2019 10:00,6
11/13/2019 11:00,6
11/13/2019 12:00,6
11/13/2019 13:00,6
11/13/2019 14:00,5
11/13/2019 15:00,5
11/13/2019 16:00,5
11/13/2019 17:00,5
11/13/2019 18:00,5
11/13/2019 19:00,5
11/13/2019 20:00,6
11/13/2019 21:00,6
11/13/2019 22:00,6
11/13/2019 23:00,6
11/14/2019 0:00,6
11/14/2019 1:00,6
11/14/2019 2:00,6
11/14/2019 3:00,6
11/14/2019 4:00,6
11/14/2019 5:00,6
11/14/2019 6:00,6
11/14/2019 7:00,6
11/14/2019 8:00,6
11/14/2019 9:00,6
11/14/2019 10:00,6
11/14/2019 11:00,6
11/14/2019 12:00,6
11/14/2019 13:00,6
11/14/2019 14:00,6
11/14/2019 15:00,6
11/14/2019 16:00,6
11/14/2019 17:00,6
11/14/2019 18:00,5
11/14/2019 19:00,5
11/14/2019 20:00,5
11/14/2019 21:00,5
11/14/2019 22:00,5
11/14/2019 23:00,5
11/15/2019 0:00,5
11/15/2019 1:00,5
11/15/2019 2:00,5
11/15/2019 3:00,5
11/15/2019 4:00,5
11/15/2019 5:00,6
11/15/2019 6:00,6
11/15/2019 7:00,6
11/15/2019 8:00,6
11/15/2019 9:00,6
11/15/2019 10:00,6
11/15/2019 11:00,6
11/15/2019 12:00,5
11/15/2019 13:00,5
11/15/2019 14:00,5
11/15/2019 15:00,5
11/15/2019 16:00,5
11/15/2019 17:00,4
11/15/2019 18:00,4
11/15/2019 19:00,4
11/15/2019 20:00,5
11/15/2019 21:00,5
11/15/2019 22:00,6
11/15/2019 23:00,6
11/16/2019 0:00,6
11/16/2019 1:00,6
11/16/2019 2:00,6
11/16/2019 3:00,6
11/16/2019 4:00,6
11/16/2019 5:00,6
11/16/2019 6:00,6
11/16/2019 7:00,6
11/16/2019 8:00,6
11/16/2019 9:00,5
11/16/2019 10:00,5
11/16/2019 11:00,5
11/16/2019 12:00,5
11/16/2019 13:00,5
11/16/2019 14:00,4
11/16/2019 15:00,4
11/16/2019 16:00,4
11/16/2019 17:00,4
11/16/2019 18:00,4
11/16/2019 19:00,4
11/16/2019 20:00,5
11/16/2019 21:00,5
11/16/2019 22:00,5
11/16/2019 23:00,5
11/17/2019 0:00,6
11/17/2019 1:00,6
11/17/2019 2:00,5
11/17/2019 3:00,5
11/17/2019 4:00,4
11/17/2019 5:00,4
11/17/2019 6:00,4
11/17/2019 7:00,4
11/17/2019 8:00,4
11/17/2019 9:00,4
11/17/2019 10:00,4
11/17/2019 11:00,4
11/17/2019 12:00,4
11/17/2019 13:00,4
11/17/2019 14:00,4
11/17/2019 15:00,4
11/17/2019 16:00,4
11/17/2019 17:00,4
11/17/2019 18:00,4
11/17/2019 19:00,4
11/17/2019 20:00,4
11/17/2019 21:00,5
11/17/2019 22:00,4
11/17/2019 23:00,4
11/18/2019 0:00,4
11/18/2019 1:00,4
11/18/2019 2:00,5
11/18/2019 3:00,5
11/18/2019 4:00,5
11/18/2019 5:00,5
11/18/2019 6:00,5
11/18/2019 7:00,5
11/18/2019 8:00,5
11/18/2019 9:00,5
11/18/2019 10:00,5
11/18/2019 11:00,4
11/18/2019 12:00,4
11/18/2019 13:00,4
11/18/2019 14:00,4
11/18/2019 15:00,4
11/18/2019 16:00,4
11/18/2019 17:00,4
11/18/2019 18:00,4
11/18/2019 19:00,4
11/18/2019 20:00,4
11/18/2019 21:00,5
11/18/2019 22:00,5
11/18/2019 23:00,5
11/19/2019 0:00,6
11/19/2019 1:00,6
11/19/2019 2:00,6
11/19/2019 3:00,5
11/19/2019 4:00,5
11/19/2019 5:00,5
11/19/2019 6:00,5
11/19/2019 7:00,5
11/19/2019 8:00,5
11/19/2019 9:00,6
11/19/2019 10:00,6
11/19/2019 11:00,6
11/19/2019 12:00,6
11/19/2019 13:00,6
11/19/2019 14:00,5
11/19/2019 15:00,5
11/19/2019 16:00,5
11/19/2019 17:00,4
11/19/2019 18:00,4
11/19/2019 19:00,4
11/19/2019 20:00,5
11/19/2019 21:00,5
11/19/2019 22:00,6
11/19/2019 23:00,6
11/20/2019 0:00,6
11/20/2019 1:00,6
11/20/2019 2:00,6
11/20/2019 3:00,6
11/20/2019 4:00,6
11/20/2019 5:00,6
11/20/2019 6:00,6
11/20/2019 7:00,6
11/20/2019 8:00,6
11/20/2019 9:00,6
11/20/2019 10:00,6
11/20/2019 11:00,6
11/20/2019 12:00,5
11/20/2019 13:00,5
11/20/2019 14:00,5
11/20/2019 15:00,5
11/20/2019 16:00,4
11/20/2019 17:00,4
11/20/2019 18:00,4
11/20/2019 19:00,5
11/20/2019 20:00,5
11/20/2019 21:00,6
11/20/2019 22:00,6
11/20/2019 23:00,6
11/21/2019 0:00,6
11/21/2019 1:00,6
11/21/2019 2:00,6
11/21/2019 3:00,6
11/21/2019 4:00,6
11/21/2019 5:00,6
11/21/2019 6:00,6
11/21/2019 9:00,6
11/21/2019 10:00,6
11/21/2019 11:00,6
11/21/2019 12:00,6
11/21/2019 13:00,6
11/21/2019 14:00,6
11/21/2019 15:00,6
11/21/2019 16:00,6
11/21/2019 17:00,6
11/21/2019 18:00,6
11/21/2019 19:00,6
11/21/2019 20:00,6
11/21/2019 21:00,6
11/21/2019 22:00,6
11/21/2019 23:00,6
11/22/2019 0:00,6
11/22/2019 1:00,6
11/22/2019 2:00,6
11/22/2019 3:00,6
11/22/2019 4:00,6
11/22/2019 5:00,6
11/22/2019 6:00,6
11/22/2019 7:00,6
11/22/2019 8:00,6
11/22/2019 9:00,6
11/22/2019 10:00,6
11/22/2019 11:00,5
11/22/2019 12:00,5
11/22/2019 13:00,5
11/22/2019 14:00,5
11/22/2019 15:00,4
11/22/2019 16:00,4
11/22/2019 17:00,5
11/22/2019 18:00,5
11/22/2019 19:00,5
11/22/2019 20:00,5
11/22/2019 21:00,5
11/22/2019 22:00,5
11/22/2019 23:00,5
11/23/2019 0:00,5
11/23/2019 1:00,5
11/23/2019 2:00,5
11/23/2019 3:00,5
11/23/2019 4:00,5
11/23/2019 5:00,4
11/23/2019 6:00,4
11/23/2019 7:00,4
11/23/2019 8:00,4
11/23/2019 9:00,4
11/23/2019 10:00,4
11/23/2019 11:00,4
11/23/2019 12:00,4
11/23/2019 13:00,4
11/23/2019 14:00,4
11/23/2019 15:00,4
11/23/2019 16:00,3
11/23/2019 17:00,3
11/23/2019 18:00,3
11/23/2019 19:00,4
11/23/2019 20:00,4
11/23/2019 21:00,4
11/23/2019 22:00,4
11/23/2019 23:00,5
11/24/2019 0:00,5
11/24/2019 1:00,5
11/24/2019 2:00,5
11/24/2019 3:00,5
11/24/2019 4:00,5
11/24/2019 5:00,5
11/24/2019 6:00,5
11/24/2019 7:00,5
11/24/2019 8:00,5
11/24/2019 9:00,5
11/24/2019 10:00,5
11/24/2019 11:00,4
11/24/2019 12:00,4
11/24/2019 13:00,3
11/24/2019 14:00,3
11/24/2019 15:00,3
11/24/2019 16:00,3
11/24/2019 17:00,3
11/24/2019 18:00,3
11/24/2019 19:00,4
11/24/2019 20:00,4
11/24/2019 21:00,4
11/24/2019 22:00,4
11/24/2019 23:00,4
11/25/2019 0:00,5
11/25/2019 1:00,5
11/25/2019 2:00,5
11/25/2019 3:00,5
11/25/2019 4:00,5
11/25/2019 5:00,5
11/25/2019 6:00,5
11/25/2019 7:00,5
11/25/2019 8:00,5
11/25/2019 9:00,6
11/25/2019 10:00,6
11/25/2019 11:00,6
11/25/2019 12:00,5
11/25/2019 13:00,5
11/25/2019 14:00,4
11/25/2019 15:00,4
11/25/2019 16:00,4
11/25/2019 17:00,4
11/25/2019 18:00,4
11/25/2019 19:00,4
11/25/2019 20:00,4
11/25/2019 21:00,5
11/25/2019 22:00,5
11/25/2019 23:00,5
11/26/2019 0:00,5
11/26/2019 1:00,4
11/26/2019 2:00,4
11/26/2019 3:00,4
11/26/2019 4:00,4
11/26/2019 5:00,5
11/26/2019 6:00,5
11/26/2019 7:00,6
11/26/2019 8:00,6
11/26/2019 9:00,6
11/26/2019 10:00,6
11/26/2019 11:00,6
11/26/2019 12:00,6
11/26/2019 13:00,6
11/26/2019 14:00,5
11/26/2019 15:00,5
11/26/2019 16:00,4
11/26/2019 17:00,4
11/26/2019 18:00,5
11/26/2019 19:00,5
11/26/2019 20:00,5
11/26/2019 21:00,6
11/26/2019 22:00,6
11/26/2019 23:00,6
11/27/2019 0:00,6
11/27/2019 1:00,6
11/27/2019 2:00,6
11/27/2019 3:00,5
11/27/2019 4:00,5
11/27/2019 5:00,4
11/27/2019 6:00,4
11/27/2019 7:00,4
11/27/2019 8:00,4
11/27/2019 9:00,4
11/27/2019 10:00,3
11/27/2019 11:00,3
11/27/2019 12:00,4
11/27/2019 13:00,4
11/27/2019 14:00,4
11/27/2019 15:00,3
11/27/2019 16:00,3
11/27/2019 17:00,3
11/27/2019 18:00,3
11/27/2019 19:00,4
11/27/2019 20:00,4
11/27/2019 21:00,4
11/27/2019 22:00,5
11/27/2019 23:00,5
11/28/2019 0:00,5
11/28/2019 1:00,6
11/28/2019 2:00,5
11/28/2019 3:00,5
11/28/2019 4:00,6
11/28/2019 5:00,6
11/28/2019 6:00,6
11/28/2019 7:00,5
11/28/2019 8:00,5
11/28/2019 9:00,6
11/28/2019 10:00,5
11/28/2019 11:00,5
11/28/2019 12:00,4
11/28/2019 13:00,4
11/28/2019 14:00,4
11/28/2019 15:00,4
11/28/2019 16:00,4
11/28/2019 17:00,4
11/28/2019 18:00,4
11/28/2019 19:00,4
11/28/2019 20:00,4
11/28/2019 21:00,5
11/28/2019 22:00,5
11/28/2019 23:00,4
11/29/2019 0:00,4
11/29/2019 1:00,5
11/29/2019 2:00,5
11/29/2019 3:00,4
11/29/2019 4:00,4
11/29/2019 5:00,4
11/29/2019 6:00,4
11/29/2019 7:00,4
11/29/2019 8:00,5
11/29/2019 9:00,5
11/29/2019 10:00,6
11/29/2019 11:00,6
11/29/2019 12:00,6
11/29/2019 13:00,5
11/29/2019 14:00,5
11/29/2019 15:00,4
11/29/2019 16:00,4
11/29/2019 17:00,4
11/29/2019 18:00,4
11/29/2019 19:00,4
11/29/2019 20:00,4
11/29/2019 21:00,4
11/29/2019 22:00,4
11/29/2019 23:00,4
11/30/2019 0:00,5
11/30/2019 1:00,5
11/30/2019 2:00,5
11/30/2019 3:00,4
11/30/2019 4:00,4
11/30/2019 5:00,4
11/30/2019 6:00,5
11/30/2019 7:00,5
11/30/2019 8:00,5
11/30/2019 9:00,5
11/30/2019 10:00,5
11/30/2019 11:00,5
11/30/2019 12:00,5
11/30/2019 13:00,5
11/30/2019 14:00,4
11/30/2019 15:00,4
11/30/2019 16:00,4
11/30/2019 17:00,4
11/30/2019 18:00,4
11/30/2019 19:00,4
11/30/2019 20:00,4
11/30/2019 21:00,4
11/30/2019 22:00,4
11/30/2019 23:00,5
12/1/2019 0:00,5
12/1/2019 1:00,5
12/1/2019 2:00,5
12/1/2019 3:00,5
12/1/2019 4:00,5
12/1/2019 5:00,6
12/1/2019 6:00,6
12/1/2019 7:00,6
12/1/2019 8:00,6
12/1/2019 9:00,6
12/1/2019 10:00,6
12/1/2019 11:00,6
12/1/2019 12:00,5
12/1/2019 13:00,5
12/1/2019 14:00,4
12/1/2019 15:00,4
12/1/2019 16:00,4
12/1/2019 17:00,4
12/1/2019 18:00,4
12/1/2019 19:00,4
12/1/2019 20:00,4
12/1/2019 21:00,4
12/1/2019 22:00,4
12/1/2019 23:00,5
12/2/2019 0:00,5
12/2/2019 1:00,5
12/2/2019 2:00,5
12/2/2019 3:00,5
12/2/2019 4:00,5
12/2/2019 5:00,6
12/2/2019 6:00,6
12/2/2019 7:00,6
12/2/2019 8:00,6
12/2/2019 9:00,6
12/2/2019 10:00,6
12/2/2019 11:00,6
12/2/2019 12:00,6
12/2/2019 13:00,5
12/2/2019 14:00,4
12/2/2019 15:00,4
12/2/2019 16:00,4
12/2/2019 17:00,4
12/2/2019 18:00,4
12/2/2019 19:00,4
12/2/2019 20:00,4
12/2/2019 21:00,4
12/2/2019 22:00,5
12/2/2019 23:00,6
12/3/2019 0:00,6
12/3/2019 1:00,6
12/3/2019 2:00,6
12/3/2019 3:00,6
12/3/2019 4:00,6
12/3/2019 5:00,5
12/3/2019 6:00,5
12/3/2019 7:00,5
12/3/2019 8:00,5
12/3/2019 9:00,5
12/3/2019 10:00,6
12/3/2019 11:00,6
12/3/2019 12:00,6
12/3/2019 13:00,6
12/3/2019 14:00,5
12/3/2019 15:00,5
12/3/2019 16:00,4
12/3/2019 17:00,4
12/3/2019 18:00,4
12/3/2019 19:00,4
12/3/2019 20:00,4
12/3/2019 21:00,5
12/3/2019 22:00,5
12/3/2019 23:00,6
12/4/2019 0:00,6
12/4/2019 1:00,6
12/4/2019 2:00,6
12/4/2019 3:00,6
12/4/2019 4:00,6